product,amount
p2,10
p3,20
p4,30
p5,40
p6,50
p7,60
p8,70
p9,80
p10,90
p11,100
p12,110
p13,120
p14,130
p15,140
p16,150
p17,160
p18,170
p19,180
p20,190
p21,200
p22,210
p23,220
p24,230
p25,240
p26,250
p27,260
p28,270
p29,280
p30,290
p31,300
p32,310
p33,320
p34,330
p35,340
p36,350
p37,360
p38,370
p39,380
p40,390
p41,400
p42,410
p43,420
p44,430
p45,440
p46,450
p47,460
p48,470
p49,480
p50,490
p51,500
p52,510
p53,520
p54,530
p55,540
p56,550
p57,560
p58,570
p59,580
p60,590
p61,600
p62,610
p63,620
p64,630
p65,640
p66,650
p67,660
p68,670
p69,680
p70,690
p71,700
p72,710
p73,720
p74,730
p75,740
p76,750
p77,760
p78,770
p79,780
p80,790
p81,800
p82,810
p83,820
p84,830
p85,840
p86,850
p87,860
p88,870
p89,880
p90,890
p91,900
p92,910
p93,920
p94,930
p95,940
p96,950
p97,960
p98,970
p99,980
p100,990
p1,1000
p2,1010
p3,1020
p4,1030
p5,1040
p6,1050
p7,1060
p8,1070
p9,1080
p10,1090
p11,1100
p12,1110
p13,1120
p14,1130
p15,1140
p16,1150
p17,1160
p18,1170
p19,1180
p20,1190
p21,1200
p22,1210
p23,1220
p24,1230
p25,1240
p26,1250
p27,1260
p28,1270
p29,1280
p30,1290
p31,1300
p32,1310
p33,1320
p34,1330
p35,1340
p36,1350
p37,1360
p38,1370
p39,1380
p40,1390
p41,1400
p42,1410
p43,1420
p44,1430
p45,1440
p46,1450
p47,1460
p48,1470
p49,1480
p50,1490
p51,1500
p52,1510
p53,1520
p54,1530
p55,1540
p56,1550
p57,1560
p58,1570
p59,1580
p60,1590
p61,1600
p62,1610
p63,1620
p64,1630
p65,1640
p66,1650
p67,1660
p68,1670
p69,1680
p70,1690
p71,1700
p72,1710
p73,1720
p74,1730
p75,1740
p76,1750
p77,1760
p78,1770
p79,1780
p80,1790
p81,1800
p82,1810
p83,1820
p84,1830
p85,1840
p86,1850
p87,1860
p88,1870
p89,1880
p90,1890
p91,1900
p92,1910
p93,1920
p94,1930
p95,1940
p96,1950
p97,1960
p98,1970
p99,1980
p100,1990
p1,2000
p2,2010
p3,2020
p4,2030
p5,2040
p6,2050
p7,2060
p8,2070
p9,2080
p10,2090
p11,2100
p12,2110
p13,2120
p14,2130
p15,2140
p16,2150
p17,2160
p18,2170
p19,2180
p20,2190
p21,2200
p22,2210
p23,2220
p24,2230
p25,2240
p26,2250
p27,2260
p28,2270
p29,2280
p30,2290
p31,2300
p32,2310
p33,2320
p34,2330
p35,2340
p36,2350
p37,2360
p38,2370
p39,2380
p40,2390
p41,2400
p42,2410
p43,2420
p44,2430
p45,2440
p46,2450
p47,2460
p48,2470
p49,2480
p50,2490
p51,2500
p52,2510
p53,2520
p54,2530
p55,2540
p56,2550
p57,2560
p58,2570
p59,2580
p60,2590
p61,2600
p62,2610
p63,2620
p64,2630
p65,2640
p66,2650
p67,2660
p68,2670
p69,2680
p70,2690
p71,2700
p72,2710
p73,2720
p74,2730
p75,2740
p76,2750
p77,2760
p78,2770
p79,2780
p80,2790
p81,2800
p82,2810
p83,2820
p84,2830
p85,2840
p86,2850
p87,2860
p88,2870
p89,2880
p90,2890
p91,2900
p92,2910
p93,2920
p94,2930
p95,2940
p96,2950
p97,2960
p98,2970
p99,2980
p100,2990
p1,3000
p2,3010
p3,3020
p4,3030
p5,3040
p6,3050
p7,3060
p8,3070
p9,3080
p10,3090
p11,3100
p12,3110
p13,3120
p14,3130
p15,3140
p16,3150
p17,3160
p18,3170
p19,3180
p20,3190
p21,3200
p22,3210
p23,3220
p24,3230
p25,3240
p26,3250
p27,3260
p28,3270
p29,3280
p30,3290
p31,3300
p32,3310
p33,3320
p34,3330
p35,3340
p36,3350
p37,3360
p38,3370
p39,3380
p40,3390
p41,3400
p42,3410
p43,3420
p44,3430
p45,3440
p46,3450
p47,3460
p48,3470
p49,3480
p50,3490
p51,3500
p52,3510
p53,3520
p54,3530
p55,3540
p56,3550
p57,3560
p58,3570
p59,3580
p60,3590
p61,3600
p62,3610
p63,3620
p64,3630
p65,3640
p66,3650
p67,3660
p68,3670
p69,3680
p70,3690
p71,3700
p72,3710
p73,3720
p74,3730
p75,3740
p76,3750
p77,3760
p78,3770
p79,3780
p80,3790
p81,3800
p82,3810
p83,3820
p84,3830
p85,3840
p86,3850
p87,3860
p88,3870
p89,3880
p90,3890
p91,3900
p92,3910
p93,3920
p94,3930
p95,3940
p96,3950
p97,3960
p98,3970
p99,3980
p100,3990
p1,4000
p2,4010
p3,4020
p4,4030
p5,4040
p6,4050
p7,4060
p8,4070
p9,4080
p10,4090
p11,4100
p12,4110
p13,4120
p14,4130
p15,4140
p16,4150
p17,4160
p18,4170
p19,4180
p20,4190
p21,4200
p22,4210
p23,4220
p24,4230
p25,4240
p26,4250
p27,4260
p28,4270
p29,4280
p30,4290
p31,4300
p32,4310
p33,4320
p34,4330
p35,4340
p36,4350
p37,4360
p38,4370
p39,4380
p40,4390
p41,4400
p42,4410
p43,4420
p44,4430
p45,4440
p46,4450
p47,4460
p48,4470
p49,4480
p50,4490
p51,4500
p52,4510
p53,4520
p54,4530
p55,4540
p56,4550
p57,4560
p58,4570
p59,4580
p60,4590
p61,4600
p62,4610
p63,4620
p64,4630
p65,4640
p66,4650
p67,4660
p68,4670
p69,4680
p70,4690
p71,4700
p72,4710
p73,4720
p74,4730
p75,4740
p76,4750
p77,4760
p78,4770
p79,4780
p80,4790
p81,4800
p82,4810
p83,4820
p84,4830
p85,4840
p86,4850
p87,4860
p88,4870
p89,4880
p90,4890
p91,4900
p92,4910
p93,4920
p94,4930
p95,4940
p96,4950
p97,4960
p98,4970
p99,4980
p100,4990
p1,5000
p2,5010
p3,5020
p4,5030
p5,5040
p6,5050
p7,5060
p8,5070
p9,5080
p10,5090
p11,5100
p12,5110
p13,5120
p14,5130
p15,5140
p16,5150
p17,5160
p18,5170
p19,5180
p20,5190
p21,5200
p22,5210
p23,5220
p24,5230
p25,5240
p26,5250
p27,5260
p28,5270
p29,5280
p30,5290
p31,5300
p32,5310
p33,5320
p34,5330
p35,5340
p36,5350
p37,5360
p38,5370
p39,5380
p40,5390
p41,5400
p42,5410
p43,5420
p44,5430
p45,5440
p46,5450
p47,5460
p48,5470
p49,5480
p50,5490
p51,5500
p52,5510
p53,5520
p54,5530
p55,5540
p56,5550
p57,5560
p58,5570
p59,5580
p60,5590
p61,5600
p62,5610
p63,5620
p64,5630
p65,5640
p66,5650
p67,5660
p68,5670
p69,5680
p70,5690
p71,5700
p72,5710
p73,5720
p74,5730
p75,5740
p76,5750
p77,5760
p78,5770
p79,5780
p80,5790
p81,5800
p82,5810
p83,5820
p84,5830
p85,5840
p86,5850
p87,5860
p88,5870
p89,5880
p90,5890
p91,5900
p92,5910
p93,5920
p94,5930
p95,5940
p96,5950
p97,5960
p98,5970
p99,5980
p100,5990
p1,6000
p2,6010
p3,6020
p4,6030
p5,6040
p6,6050
p7,6060
p8,6070
p9,6080
p10,6090
p11,6100
p12,6110
p13,6120
p14,6130
p15,6140
p16,6150
p17,6160
p18,6170
p19,6180
p20,6190
p21,6200
p22,6210
p23,6220
p24,6230
p25,6240
p26,6250
p27,6260
p28,6270
p29,6280
p30,6290
p31,6300
p32,6310
p33,6320
p34,6330
p35,6340
p36,6350
p37,6360
p38,6370
p39,6380
p40,6390
p41,6400
p42,6410
p43,6420
p44,6430
p45,6440
p46,6450
p47,6460
p48,6470
p49,6480
p50,6490
p51,6500
p52,6510
p53,6520
p54,6530
p55,6540
p56,6550
p57,6560
p58,6570
p59,6580
p60,6590
p61,6600
p62,6610
p63,6620
p64,6630
p65,6640
p66,6650
p67,6660
p68,6670
p69,6680
p70,6690
p71,6700
p72,6710
p73,6720
p74,6730
p75,6740
p76,6750
p77,6760
p78,6770
p79,6780
p80,6790
p81,6800
p82,6810
p83,6820
p84,6830
p85,6840
p86,6850
p87,6860
p88,6870
p89,6880
p90,6890
p91,6900
p92,6910
p93,6920
p94,6930
p95,6940
p96,6950
p97,6960
p98,6970
p99,6980
p100,6990
p1,7000
p2,7010
p3,7020
p4,7030
p5,7040
p6,7050
p7,7060
p8,7070
p9,7080
p10,7090
p11,7100
p12,7110
p13,7120
p14,7130
p15,7140
p16,7150
p17,7160
p18,7170
p19,7180
p20,7190
p21,7200
p22,7210
p23,7220
p24,7230
p25,7240
p26,7250
p27,7260
p28,7270
p29,7280
p30,7290
p31,7300
p32,7310
p33,7320
p34,7330
p35,7340
p36,7350
p37,7360
p38,7370
p39,7380
p40,7390
p41,7400
p42,7410
p43,7420
p44,7430
p45,7440
p46,7450
p47,7460
p48,7470
p49,7480
p50,7490
p51,7500
p52,7510
p53,7520
p54,7530
p55,7540
p56,7550
p57,7560
p58,7570
p59,7580
p60,7590
p61,7600
p62,7610
p63,7620
p64,7630
p65,7640
p66,7650
p67,7660
p68,7670
p69,7680
p70,7690
p71,7700
p72,7710
p73,7720
p74,7730
p75,7740
p76,7750
p77,7760
p78,7770
p79,7780
p80,7790
p81,7800
p82,7810
p83,7820
p84,7830
p85,7840
p86,7850
p87,7860
p88,7870
p89,7880
p90,7890
p91,7900
p92,7910
p93,7920
p94,7930
p95,7940
p96,7950
p97,7960
p98,7970
p99,7980
p100,7990
p1,8000
p2,8010
p3,8020
p4,8030
p5,8040
p6,8050
p7,8060
p8,8070
p9,8080
p10,8090
p11,8100
p12,8110
p13,8120
p14,8130
p15,8140
p16,8150
p17,8160
p18,8170
p19,8180
p20,8190
p21,8200
p22,8210
p23,8220
p24,8230
p25,8240
p26,8250
p27,8260
p28,8270
p29,8280
p30,8290
p31,8300
p32,8310
p33,8320
p34,8330
p35,8340
p36,8350
p37,8360
p38,8370
p39,8380
p40,8390
p41,8400
p42,8410
p43,8420
p44,8430
p45,8440
p46,8450
p47,8460
p48,8470
p49,8480
p50,8490
p51,8500
p52,8510
p53,8520
p54,8530
p55,8540
p56,8550
p57,8560
p58,8570
p59,8580
p60,8590
p61,8600
p62,8610
p63,8620
p64,8630
p65,8640
p66,8650
p67,8660
p68,8670
p69,8680
p70,8690
p71,8700
p72,8710
p73,8720
p74,8730
p75,8740
p76,8750
p77,8760
p78,8770
p79,8780
p80,8790
p81,8800
p82,8810
p83,8820
p84,8830
p85,8840
p86,8850
p87,8860
p88,8870
p89,8880
p90,8890
p91,8900
p92,8910
p93,8920
p94,8930
p95,8940
p96,8950
p97,8960
p98,8970
p99,8980
p100,8990
p1,9000
p2,9010
p3,9020
p4,9030
p5,9040
p6,9050
p7,9060
p8,9070
p9,9080
p10,9090
p11,9100
p12,9110
p13,9120
p14,9130
p15,9140
p16,9150
p17,9160
p18,9170
p19,9180
p20,9190
p21,9200
p22,9210
p23,9220
p24,9230
p25,9240
p26,9250
p27,9260
p28,9270
p29,9280
p30,9290
p31,9300
p32,9310
p33,9320
p34,9330
p35,9340
p36,9350
p37,9360
p38,9370
p39,9380
p40,9390
p41,9400
p42,9410
p43,9420
p44,9430
p45,9440
p46,9450
p47,9460
p48,9470
p49,9480
p50,9490
p51,9500
p52,9510
p53,9520
p54,9530
p55,9540
p56,9550
p57,9560
p58,9570
p59,9580
p60,9590
p61,9600
p62,9610
p63,9620
p64,9630
p65,9640
p66,9650
p67,9660
p68,9670
p69,9680
p70,9690
p71,9700
p72,9710
p73,9720
p74,9730
p75,9740
p76,9750
p77,9760
p78,9770
p79,9780
p80,9790
p81,9800
p82,9810
p83,9820
p84,9830
p85,9840
p86,9850
p87,9860
p88,9870
p89,9880
p90,9890
p91,9900
p92,9910
p93,9920
p94,9930
p95,9940
p96,9950
p97,9960
p98,9970
p99,9980
p100,9990
p1,10000
p2,10010
p3,10020
p4,10030
p5,10040
p6,10050
p7,10060
p8,10070
p9,10080
p10,10090
p11,10100
p12,10110
p13,10120
p14,10130
p15,10140
p16,10150
p17,10160
p18,10170
p19,10180
p20,10190
p21,10200
p22,10210
p23,10220
p24,10230
p25,10240
p26,10250
p27,10260
p28,10270
p29,10280
p30,10290
p31,10300
p32,10310
p33,10320
p34,10330
p35,10340
p36,10350
p37,10360
p38,10370
p39,10380
p40,10390
p41,10400
p42,10410
p43,10420
p44,10430
p45,10440
p46,10450
p47,10460
p48,10470
p49,10480
p50,10490
p51,10500
p52,10510
p53,10520
p54,10530
p55,10540
p56,10550
p57,10560
p58,10570
p59,10580
p60,10590
p61,10600
p62,10610
p63,10620
p64,10630
p65,10640
p66,10650
p67,10660
p68,10670
p69,10680
p70,10690
p71,10700
p72,10710
p73,10720
p74,10730
p75,10740
p76,10750
p77,10760
p78,10770
p79,10780
p80,10790
p81,10800
p82,10810
p83,10820
p84,10830
p85,10840
p86,10850
p87,10860
p88,10870
p89,10880
p90,10890
p91,10900
p92,10910
p93,10920
p94,10930
p95,10940
p96,10950
p97,10960
p98,10970
p99,10980
p100,10990
p1,11000
p2,11010
p3,11020
p4,11030
p5,11040
p6,11050
p7,11060
p8,11070
p9,11080
p10,11090
p11,11100
p12,11110
p13,11120
p14,11130
p15,11140
p16,11150
p17,11160
p18,11170
p19,11180
p20,11190
p21,11200
p22,11210
p23,11220
p24,11230
p25,11240
p26,11250
p27,11260
p28,11270
p29,11280
p30,11290
p31,11300
p32,11310
p33,11320
p34,11330
p35,11340
p36,11350
p37,11360
p38,11370
p39,11380
p40,11390
p41,11400
p42,11410
p43,11420
p44,11430
p45,11440
p46,11450
p47,11460
p48,11470
p49,11480
p50,11490
p51,11500
p52,11510
p53,11520
p54,11530
p55,11540
p56,11550
p57,11560
p58,11570
p59,11580
p60,11590
p61,11600
p62,11610
p63,11620
p64,11630
p65,11640
p66,11650
p67,11660
p68,11670
p69,11680
p70,11690
p71,11700
p72,11710
p73,11720
p74,11730
p75,11740
p76,11750
p77,11760
p78,11770
p79,11780
p80,11790
p81,11800
p82,11810
p83,11820
p84,11830
p85,11840
p86,11850
p87,11860
p88,11870
p89,11880
p90,11890
p91,11900
p92,11910
p93,11920
p94,11930
p95,11940
p96,11950
p97,11960
p98,11970
p99,11980
p100,11990
p1,12000
p2,12010
p3,12020
p4,12030
p5,12040
p6,12050
p7,12060
p8,12070
p9,12080
p10,12090
p11,12100
p12,12110
p13,12120
p14,12130
p15,12140
p16,12150
p17,12160
p18,12170
p19,12180
p20,12190
p21,12200
p22,12210
p23,12220
p24,12230
p25,12240
p26,12250
p27,12260
p28,12270
p29,12280
p30,12290
p31,12300
p32,12310
p33,12320
p34,12330
p35,12340
p36,12350
p37,12360
p38,12370
p39,12380
p40,12390
p41,12400
p42,12410
p43,12420
p44,12430
p45,12440
p46,12450
p47,12460
p48,12470
p49,12480
p50,12490
p51,12500
p52,12510
p53,12520
p54,12530
p55,12540
p56,12550
p57,12560
p58,12570
p59,12580
p60,12590
p61,12600
p62,12610
p63,12620
p64,12630
p65,12640
p66,12650
p67,12660
p68,12670
p69,12680
p70,12690
p71,12700
p72,12710
p73,12720
p74,12730
p75,12740
p76,12750
p77,12760
p78,12770
p79,12780
p80,12790
p81,12800
p82,12810
p83,12820
p84,12830
p85,12840
p86,12850
p87,12860
p88,12870
p89,12880
p90,12890
p91,12900
p92,12910
p93,12920
p94,12930
p95,12940
p96,12950
p97,12960
p98,12970
p99,12980
p100,12990
p1,13000
p2,13010
p3,13020
p4,13030
p5,13040
p6,13050
p7,13060
p8,13070
p9,13080
p10,13090
p11,13100
p12,13110
p13,13120
p14,13130
p15,13140
p16,13150
p17,13160
p18,13170
p19,13180
p20,13190
p21,13200
p22,13210
p23,13220
p24,13230
p25,13240
p26,13250
p27,13260
p28,13270
p29,13280
p30,13290
p31,13300
p32,13310
p33,13320
p34,13330
p35,13340
p36,13350
p37,13360
p38,13370
p39,13380
p40,13390
p41,13400
p42,13410
p43,13420
p44,13430
p45,13440
p46,13450
p47,13460
p48,13470
p49,13480
p50,13490
p51,13500
p52,13510
p53,13520
p54,13530
p55,13540
p56,13550
p57,13560
p58,13570
p59,13580
p60,13590
p61,13600
p62,13610
p63,13620
p64,13630
p65,13640
p66,13650
p67,13660
p68,13670
p69,13680
p70,13690
p71,13700
p72,13710
p73,13720
p74,13730
p75,13740
p76,13750
p77,13760
p78,13770
p79,13780
p80,13790
p81,13800
p82,13810
p83,13820
p84,13830
p85,13840
p86,13850
p87,13860
p88,13870
p89,13880
p90,13890
p91,13900
p92,13910
p93,13920
p94,13930
p95,13940
p96,13950
p97,13960
p98,13970
p99,13980
p100,13990
p1,14000
p2,14010
p3,14020
p4,14030
p5,14040
p6,14050
p7,14060
p8,14070
p9,14080
p10,14090
p11,14100
p12,14110
p13,14120
p14,14130
p15,14140
p16,14150
p17,14160
p18,14170
p19,14180
p20,14190
p21,14200
p22,14210
p23,14220
p24,14230
p25,14240
p26,14250
p27,14260
p28,14270
p29,14280
p30,14290
p31,14300
p32,14310
p33,14320
p34,14330
p35,14340
p36,14350
p37,14360
p38,14370
p39,14380
p40,14390
p41,14400
p42,14410
p43,14420
p44,14430
p45,14440
p46,14450
p47,14460
p48,14470
p49,14480
p50,14490
p51,14500
p52,14510
p53,14520
p54,14530
p55,14540
p56,14550
p57,14560
p58,14570
p59,14580
p60,14590
p61,14600
p62,14610
p63,14620
p64,14630
p65,14640
p66,14650
p67,14660
p68,14670
p69,14680
p70,14690
p71,14700
p72,14710
p73,14720
p74,14730
p75,14740
p76,14750
p77,14760
p78,14770
p79,14780
p80,14790
p81,14800
p82,14810
p83,14820
p84,14830
p85,14840
p86,14850
p87,14860
p88,14870
p89,14880
p90,14890
p91,14900
p92,14910
p93,14920
p94,14930
p95,14940
p96,14950
p97,14960
p98,14970
p99,14980
p100,14990
p1,15000
p2,15010
p3,15020
p4,15030
p5,15040
p6,15050
p7,15060
p8,15070
p9,15080
p10,15090
p11,15100
p12,15110
p13,15120
p14,15130
p15,15140
p16,15150
p17,15160
p18,15170
p19,15180
p20,15190
p21,15200
p22,15210
p23,15220
p24,15230
p25,15240
p26,15250
p27,15260
p28,15270
p29,15280
p30,15290
p31,15300
p32,15310
p33,15320
p34,15330
p35,15340
p36,15350
p37,15360
p38,15370
p39,15380
p40,15390
p41,15400
p42,15410
p43,15420
p44,15430
p45,15440
p46,15450
p47,15460
p48,15470
p49,15480
p50,15490
p51,15500
p52,15510
p53,15520
p54,15530
p55,15540
p56,15550
p57,15560
p58,15570
p59,15580
p60,15590
p61,15600
p62,15610
p63,15620
p64,15630
p65,15640
p66,15650
p67,15660
p68,15670
p69,15680
p70,15690
p71,15700
p72,15710
p73,15720
p74,15730
p75,15740
p76,15750
p77,15760
p78,15770
p79,15780
p80,15790
p81,15800
p82,15810
p83,15820
p84,15830
p85,15840
p86,15850
p87,15860
p88,15870
p89,15880
p90,15890
p91,15900
p92,15910
p93,15920
p94,15930
p95,15940
p96,15950
p97,15960
p98,15970
p99,15980
p100,15990
p1,16000
p2,16010
p3,16020
p4,16030
p5,16040
p6,16050
p7,16060
p8,16070
p9,16080
p10,16090
p11,16100
p12,16110
p13,16120
p14,16130
p15,16140
p16,16150
p17,16160
p18,16170
p19,16180
p20,16190
p21,16200
p22,16210
p23,16220
p24,16230
p25,16240
p26,16250
p27,16260
p28,16270
p29,16280
p30,16290
p31,16300
p32,16310
p33,16320
p34,16330
p35,16340
p36,16350
p37,16360
p38,16370
p39,16380
p40,16390
p41,16400
p42,16410
p43,16420
p44,16430
p45,16440
p46,16450
p47,16460
p48,16470
p49,16480
p50,16490
p51,16500
p52,16510
p53,16520
p54,16530
p55,16540
p56,16550
p57,16560
p58,16570
p59,16580
p60,16590
p61,16600
p62,16610
p63,16620
p64,16630
p65,16640
p66,16650
p67,16660
p68,16670
p69,16680
p70,16690
p71,16700
p72,16710
p73,16720
p74,16730
p75,16740
p76,16750
p77,16760
p78,16770
p79,16780
p80,16790
p81,16800
p82,16810
p83,16820
p84,16830
p85,16840
p86,16850
p87,16860
p88,16870
p89,16880
p90,16890
p91,16900
p92,16910
p93,16920
p94,16930
p95,16940
p96,16950
p97,16960
p98,16970
p99,16980
p100,16990
p1,17000
p2,17010
p3,17020
p4,17030
p5,17040
p6,17050
p7,17060
p8,17070
p9,17080
p10,17090
p11,17100
p12,17110
p13,17120
p14,17130
p15,17140
p16,17150
p17,17160
p18,17170
p19,17180
p20,17190
p21,17200
p22,17210
p23,17220
p24,17230
p25,17240
p26,17250
p27,17260
p28,17270
p29,17280
p30,17290
p31,17300
p32,17310
p33,17320
p34,17330
p35,17340
p36,17350
p37,17360
p38,17370
p39,17380
p40,17390
p41,17400
p42,17410
p43,17420
p44,17430
p45,17440
p46,17450
p47,17460
p48,17470
p49,17480
p50,17490
p51,17500
p52,17510
p53,17520
p54,17530
p55,17540
p56,17550
p57,17560
p58,17570
p59,17580
p60,17590
p61,17600
p62,17610
p63,17620
p64,17630
p65,17640
p66,17650
p67,17660
p68,17670
p69,17680
p70,17690
p71,17700
p72,17710
p73,17720
p74,17730
p75,17740
p76,17750
p77,17760
p78,17770
p79,17780
p80,17790
p81,17800
p82,17810
p83,17820
p84,17830
p85,17840
p86,17850
p87,17860
p88,17870
p89,17880
p90,17890
p91,17900
p92,17910
p93,17920
p94,17930
p95,17940
p96,17950
p97,17960
p98,17970
p99,17980
p100,17990
p1,18000
p2,18010
p3,18020
p4,18030
p5,18040
p6,18050
p7,18060
p8,18070
p9,18080
p10,18090
p11,18100
p12,18110
p13,18120
p14,18130
p15,18140
p16,18150
p17,18160
p18,18170
p19,18180
p20,18190
p21,18200
p22,18210
p23,18220
p24,18230
p25,18240
p26,18250
p27,18260
p28,18270
p29,18280
p30,18290
p31,18300
p32,18310
p33,18320
p34,18330
p35,18340
p36,18350
p37,18360
p38,18370
p39,18380
p40,18390
p41,18400
p42,18410
p43,18420
p44,18430
p45,18440
p46,18450
p47,18460
p48,18470
p49,18480
p50,18490
p51,18500
p52,18510
p53,18520
p54,18530
p55,18540
p56,18550
p57,18560
p58,18570
p59,18580
p60,18590
p61,18600
p62,18610
p63,18620
p64,18630
p65,18640
p66,18650
p67,18660
p68,18670
p69,18680
p70,18690
p71,18700
p72,18710
p73,18720
p74,18730
p75,18740
p76,18750
p77,18760
p78,18770
p79,18780
p80,18790
p81,18800
p82,18810
p83,18820
p84,18830
p85,18840
p86,18850
p87,18860
p88,18870
p89,18880
p90,18890
p91,18900
p92,18910
p93,18920
p94,18930
p95,18940
p96,18950
p97,18960
p98,18970
p99,18980
p100,18990
p1,19000
p2,19010
p3,19020
p4,19030
p5,19040
p6,19050
p7,19060
p8,19070
p9,19080
p10,19090
p11,19100
p12,19110
p13,19120
p14,19130
p15,19140
p16,19150
p17,19160
p18,19170
p19,19180
p20,19190
p21,19200
p22,19210
p23,19220
p24,19230
p25,19240
p26,19250
p27,19260
p28,19270
p29,19280
p30,19290
p31,19300
p32,19310
p33,19320
p34,19330
p35,19340
p36,19350
p37,19360
p38,19370
p39,19380
p40,19390
p41,19400
p42,19410
p43,19420
p44,19430
p45,19440
p46,19450
p47,19460
p48,19470
p49,19480
p50,19490
p51,19500
p52,19510
p53,19520
p54,19530
p55,19540
p56,19550
p57,19560
p58,19570
p59,19580
p60,19590
p61,19600
p62,19610
p63,19620
p64,19630
p65,19640
p66,19650
p67,19660
p68,19670
p69,19680
p70,19690
p71,19700
p72,19710
p73,19720
p74,19730
p75,19740
p76,19750
p77,19760
p78,19770
p79,19780
p80,19790
p81,19800
p82,19810
p83,19820
p84,19830
p85,19840
p86,19850
p87,19860
p88,19870
p89,19880
p90,19890
p91,19900
p92,19910
p93,19920
p94,19930
p95,19940
p96,19950
p97,19960
p98,19970
p99,19980
p100,19990
p1,20000
p2,20010
p3,20020
p4,20030
p5,20040
p6,20050
p7,20060
p8,20070
p9,20080
p10,20090
p11,20100
p12,20110
p13,20120
p14,20130
p15,20140
p16,20150
p17,20160
p18,20170
p19,20180
p20,20190
p21,20200
p22,20210
p23,20220
p24,20230
p25,20240
p26,20250
p27,20260
p28,20270
p29,20280
p30,20290
p31,20300
p32,20310
p33,20320
p34,20330
p35,20340
p36,20350
p37,20360
p38,20370
p39,20380
p40,20390
p41,20400
p42,20410
p43,20420
p44,20430
p45,20440
p46,20450
p47,20460
p48,20470
p49,20480
p50,20490
p51,20500
p52,20510
p53,20520
p54,20530
p55,20540
p56,20550
p57,20560
p58,20570
p59,20580
p60,20590
p61,20600
p62,20610
p63,20620
p64,20630
p65,20640
p66,20650
p67,20660
p68,20670
p69,20680
p70,20690
p71,20700
p72,20710
p73,20720
p74,20730
p75,20740
p76,20750
p77,20760
p78,20770
p79,20780
p80,20790
p81,20800
p82,20810
p83,20820
p84,20830
p85,20840
p86,20850
p87,20860
p88,20870
p89,20880
p90,20890
p91,20900
p92,20910
p93,20920
p94,20930
p95,20940
p96,20950
p97,20960
p98,20970
p99,20980
p100,20990
p1,21000
p2,21010
p3,21020
p4,21030
p5,21040
p6,21050
p7,21060
p8,21070
p9,21080
p10,21090
p11,21100
p12,21110
p13,21120
p14,21130
p15,21140
p16,21150
p17,21160
p18,21170
p19,21180
p20,21190
p21,21200
p22,21210
p23,21220
p24,21230
p25,21240
p26,21250
p27,21260
p28,21270
p29,21280
p30,21290
p31,21300
p32,21310
p33,21320
p34,21330
p35,21340
p36,21350
p37,21360
p38,21370
p39,21380
p40,21390
p41,21400
p42,21410
p43,21420
p44,21430
p45,21440
p46,21450
p47,21460
p48,21470
p49,21480
p50,21490
p51,21500
p52,21510
p53,21520
p54,21530
p55,21540
p56,21550
p57,21560
p58,21570
p59,21580
p60,21590
p61,21600
p62,21610
p63,21620
p64,21630
p65,21640
p66,21650
p67,21660
p68,21670
p69,21680
p70,21690
p71,21700
p72,21710
p73,21720
p74,21730
p75,21740
p76,21750
p77,21760
p78,21770
p79,21780
p80,21790
p81,21800
p82,21810
p83,21820
p84,21830
p85,21840
p86,21850
p87,21860
p88,21870
p89,21880
p90,21890
p91,21900
p92,21910
p93,21920
p94,21930
p95,21940
p96,21950
p97,21960
p98,21970
p99,21980
p100,21990
p1,22000
p2,22010
p3,22020
p4,22030
p5,22040
p6,22050
p7,22060
p8,22070
p9,22080
p10,22090
p11,22100
p12,22110
p13,22120
p14,22130
p15,22140
p16,22150
p17,22160
p18,22170
p19,22180
p20,22190
p21,22200
p22,22210
p23,22220
p24,22230
p25,22240
p26,22250
p27,22260
p28,22270
p29,22280
p30,22290
p31,22300
p32,22310
p33,22320
p34,22330
p35,22340
p36,22350
p37,22360
p38,22370
p39,22380
p40,22390
p41,22400
p42,22410
p43,22420
p44,22430
p45,22440
p46,22450
p47,22460
p48,22470
p49,22480
p50,22490
p51,22500
p52,22510
p53,22520
p54,22530
p55,22540
p56,22550
p57,22560
p58,22570
p59,22580
p60,22590
p61,22600
p62,22610
p63,22620
p64,22630
p65,22640
p66,22650
p67,22660
p68,22670
p69,22680
p70,22690
p71,22700
p72,22710
p73,22720
p74,22730
p75,22740
p76,22750
p77,22760
p78,22770
p79,22780
p80,22790
p81,22800
p82,22810
p83,22820
p84,22830
p85,22840
p86,22850
p87,22860
p88,22870
p89,22880
p90,22890
p91,22900
p92,22910
p93,22920
p94,22930
p95,22940
p96,22950
p97,22960
p98,22970
p99,22980
p100,22990
p1,23000
p2,23010
p3,23020
p4,23030
p5,23040
p6,23050
p7,23060
p8,23070
p9,23080
p10,23090
p11,23100
p12,23110
p13,23120
p14,23130
p15,23140
p16,23150
p17,23160
p18,23170
p19,23180
p20,23190
p21,23200
p22,23210
p23,23220
p24,23230
p25,23240
p26,23250
p27,23260
p28,23270
p29,23280
p30,23290
p31,23300
p32,23310
p33,23320
p34,23330
p35,23340
p36,23350
p37,23360
p38,23370
p39,23380
p40,23390
p41,23400
p42,23410
p43,23420
p44,23430
p45,23440
p46,23450
p47,23460
p48,23470
p49,23480
p50,23490
p51,23500
p52,23510
p53,23520
p54,23530
p55,23540
p56,23550
p57,23560
p58,23570
p59,23580
p60,23590
p61,23600
p62,23610
p63,23620
p64,23630
p65,23640
p66,23650
p67,23660
p68,23670
p69,23680
p70,23690
p71,23700
p72,23710
p73,23720
p74,23730
p75,23740
p76,23750
p77,23760
p78,23770
p79,23780
p80,23790
p81,23800
p82,23810
p83,23820
p84,23830
p85,23840
p86,23850
p87,23860
p88,23870
p89,23880
p90,23890
p91,23900
p92,23910
p93,23920
p94,23930
p95,23940
p96,23950
p97,23960
p98,23970
p99,23980
p100,23990
p1,24000
p2,24010
p3,24020
p4,24030
p5,24040
p6,24050
p7,24060
p8,24070
p9,24080
p10,24090
p11,24100
p12,24110
p13,24120
p14,24130
p15,24140
p16,24150
p17,24160
p18,24170
p19,24180
p20,24190
p21,24200
p22,24210
p23,24220
p24,24230
p25,24240
p26,24250
p27,24260
p28,24270
p29,24280
p30,24290
p31,24300
p32,24310
p33,24320
p34,24330
p35,24340
p36,24350
p37,24360
p38,24370
p39,24380
p40,24390
p41,24400
p42,24410
p43,24420
p44,24430
p45,24440
p46,24450
p47,24460
p48,24470
p49,24480
p50,24490
p51,24500
p52,24510
p53,24520
p54,24530
p55,24540
p56,24550
p57,24560
p58,24570
p59,24580
p60,24590
p61,24600
p62,24610
p63,24620
p64,24630
p65,24640
p66,24650
p67,24660
p68,24670
p69,24680
p70,24690
p71,24700
p72,24710
p73,24720
p74,24730
p75,24740
p76,24750
p77,24760
p78,24770
p79,24780
p80,24790
p81,24800
p82,24810
p83,24820
p84,24830
p85,24840
p86,24850
p87,24860
p88,24870
p89,24880
p90,24890
p91,24900
p92,24910
p93,24920
p94,24930
p95,24940
p96,24950
p97,24960
p98,24970
p99,24980
p100,24990
p1,25000
p2,25010
p3,25020
p4,25030
p5,25040
p6,25050
p7,25060
p8,25070
p9,25080
p10,25090
p11,25100
p12,25110
p13,25120
p14,25130
p15,25140
p16,25150
p17,25160
p18,25170
p19,25180
p20,25190
p21,25200
p22,25210
p23,25220
p24,25230
p25,25240
p26,25250
p27,25260
p28,25270
p29,25280
p30,25290
p31,25300
p32,25310
p33,25320
p34,25330
p35,25340
p36,25350
p37,25360
p38,25370
p39,25380
p40,25390
p41,25400
p42,25410
p43,25420
p44,25430
p45,25440
p46,25450
p47,25460
p48,25470
p49,25480
p50,25490
p51,25500
p52,25510
p53,25520
p54,25530
p55,25540
p56,25550
p57,25560
p58,25570
p59,25580
p60,25590
p61,25600
p62,25610
p63,25620
p64,25630
p65,25640
p66,25650
p67,25660
p68,25670
p69,25680
p70,25690
p71,25700
p72,25710
p73,25720
p74,25730
p75,25740
p76,25750
p77,25760
p78,25770
p79,25780
p80,25790
p81,25800
p82,25810
p83,25820
p84,25830
p85,25840
p86,25850
p87,25860
p88,25870
p89,25880
p90,25890
p91,25900
p92,25910
p93,25920
p94,25930
p95,25940
p96,25950
p97,25960
p98,25970
p99,25980
p100,25990
p1,26000
p2,26010
p3,26020
p4,26030
p5,26040
p6,26050
p7,26060
p8,26070
p9,26080
p10,26090
p11,26100
p12,26110
p13,26120
p14,26130
p15,26140
p16,26150
p17,26160
p18,26170
p19,26180
p20,26190
p21,26200
p22,26210
p23,26220
p24,26230
p25,26240
p26,26250
p27,26260
p28,26270
p29,26280
p30,26290
p31,26300
p32,26310
p33,26320
p34,26330
p35,26340
p36,26350
p37,26360
p38,26370
p39,26380
p40,26390
p41,26400
p42,26410
p43,26420
p44,26430
p45,26440
p46,26450
p47,26460
p48,26470
p49,26480
p50,26490
p51,26500
p52,26510
p53,26520
p54,26530
p55,26540
p56,26550
p57,26560
p58,26570
p59,26580
p60,26590
p61,26600
p62,26610
p63,26620
p64,26630
p65,26640
p66,26650
p67,26660
p68,26670
p69,26680
p70,26690
p71,26700
p72,26710
p73,26720
p74,26730
p75,26740
p76,26750
p77,26760
p78,26770
p79,26780
p80,26790
p81,26800
p82,26810
p83,26820
p84,26830
p85,26840
p86,26850
p87,26860
p88,26870
p89,26880
p90,26890
p91,26900
p92,26910
p93,26920
p94,26930
p95,26940
p96,26950
p97,26960
p98,26970
p99,26980
p100,26990
p1,27000
p2,27010
p3,27020
p4,27030
p5,27040
p6,27050
p7,27060
p8,27070
p9,27080
p10,27090
p11,27100
p12,27110
p13,27120
p14,27130
p15,27140
p16,27150
p17,27160
p18,27170
p19,27180
p20,27190
p21,27200
p22,27210
p23,27220
p24,27230
p25,27240
p26,27250
p27,27260
p28,27270
p29,27280
p30,27290
p31,27300
p32,27310
p33,27320
p34,27330
p35,27340
p36,27350
p37,27360
p38,27370
p39,27380
p40,27390
p41,27400
p42,27410
p43,27420
p44,27430
p45,27440
p46,27450
p47,27460
p48,27470
p49,27480
p50,27490
p51,27500
p52,27510
p53,27520
p54,27530
p55,27540
p56,27550
p57,27560
p58,27570
p59,27580
p60,27590
p61,27600
p62,27610
p63,27620
p64,27630
p65,27640
p66,27650
p67,27660
p68,27670
p69,27680
p70,27690
p71,27700
p72,27710
p73,27720
p74,27730
p75,27740
p76,27750
p77,27760
p78,27770
p79,27780
p80,27790
p81,27800
p82,27810
p83,27820
p84,27830
p85,27840
p86,27850
p87,27860
p88,27870
p89,27880
p90,27890
p91,27900
p92,27910
p93,27920
p94,27930
p95,27940
p96,27950
p97,27960
p98,27970
p99,27980
p100,27990
p1,28000
p2,28010
p3,28020
p4,28030
p5,28040
p6,28050
p7,28060
p8,28070
p9,28080
p10,28090
p11,28100
p12,28110
p13,28120
p14,28130
p15,28140
p16,28150
p17,28160
p18,28170
p19,28180
p20,28190
p21,28200
p22,28210
p23,28220
p24,28230
p25,28240
p26,28250
p27,28260
p28,28270
p29,28280
p30,28290
p31,28300
p32,28310
p33,28320
p34,28330
p35,28340
p36,28350
p37,28360
p38,28370
p39,28380
p40,28390
p41,28400
p42,28410
p43,28420
p44,28430
p45,28440
p46,28450
p47,28460
p48,28470
p49,28480
p50,28490
p51,28500
p52,28510
p53,28520
p54,28530
p55,28540
p56,28550
p57,28560
p58,28570
p59,28580
p60,28590
p61,28600
p62,28610
p63,28620
p64,28630
p65,28640
p66,28650
p67,28660
p68,28670
p69,28680
p70,28690
p71,28700
p72,28710
p73,28720
p74,28730
p75,28740
p76,28750
p77,28760
p78,28770
p79,28780
p80,28790
p81,28800
p82,28810
p83,28820
p84,28830
p85,28840
p86,28850
p87,28860
p88,28870
p89,28880
p90,28890
p91,28900
p92,28910
p93,28920
p94,28930
p95,28940
p96,28950
p97,28960
p98,28970
p99,28980
p100,28990
p1,29000
p2,29010
p3,29020
p4,29030
p5,29040
p6,29050
p7,29060
p8,29070
p9,29080
p10,29090
p11,29100
p12,29110
p13,29120
p14,29130
p15,29140
p16,29150
p17,29160
p18,29170
p19,29180
p20,29190
p21,29200
p22,29210
p23,29220
p24,29230
p25,29240
p26,29250
p27,29260
p28,29270
p29,29280
p30,29290
p31,29300
p32,29310
p33,29320
p34,29330
p35,29340
p36,29350
p37,29360
p38,29370
p39,29380
p40,29390
p41,29400
p42,29410
p43,29420
p44,29430
p45,29440
p46,29450
p47,29460
p48,29470
p49,29480
p50,29490
p51,29500
p52,29510
p53,29520
p54,29530
p55,29540
p56,29550
p57,29560
p58,29570
p59,29580
p60,29590
p61,29600
p62,29610
p63,29620
p64,29630
p65,29640
p66,29650
p67,29660
p68,29670
p69,29680
p70,29690
p71,29700
p72,29710
p73,29720
p74,29730
p75,29740
p76,29750
p77,29760
p78,29770
p79,29780
p80,29790
p81,29800
p82,29810
p83,29820
p84,29830
p85,29840
p86,29850
p87,29860
p88,29870
p89,29880
p90,29890
p91,29900
p92,29910
p93,29920
p94,29930
p95,29940
p96,29950
p97,29960
p98,29970
p99,29980
p100,29990
p1,30000
p2,30010
p3,30020
p4,30030
p5,30040
p6,30050
p7,30060
p8,30070
p9,30080
p10,30090
p11,30100
p12,30110
p13,30120
p14,30130
p15,30140
p16,30150
p17,30160
p18,30170
p19,30180
p20,30190
p21,30200
p22,30210
p23,30220
p24,30230
p25,30240
p26,30250
p27,30260
p28,30270
p29,30280
p30,30290
p31,30300
p32,30310
p33,30320
p34,30330
p35,30340
p36,30350
p37,30360
p38,30370
p39,30380
p40,30390
p41,30400
p42,30410
p43,30420
p44,30430
p45,30440
p46,30450
p47,30460
p48,30470
p49,30480
p50,30490
p51,30500
p52,30510
p53,30520
p54,30530
p55,30540
p56,30550
p57,30560
p58,30570
p59,30580
p60,30590
p61,30600
p62,30610
p63,30620
p64,30630
p65,30640
p66,30650
p67,30660
p68,30670
p69,30680
p70,30690
p71,30700
p72,30710
p73,30720
p74,30730
p75,30740
p76,30750
p77,30760
p78,30770
p79,30780
p80,30790
p81,30800
p82,30810
p83,30820
p84,30830
p85,30840
p86,30850
p87,30860
p88,30870
p89,30880
p90,30890
p91,30900
p92,30910
p93,30920
p94,30930
p95,30940
p96,30950
p97,30960
p98,30970
p99,30980
p100,30990
p1,31000
p2,31010
p3,31020
p4,31030
p5,31040
p6,31050
p7,31060
p8,31070
p9,31080
p10,31090
p11,31100
p12,31110
p13,31120
p14,31130
p15,31140
p16,31150
p17,31160
p18,31170
p19,31180
p20,31190
p21,31200
p22,31210
p23,31220
p24,31230
p25,31240
p26,31250
p27,31260
p28,31270
p29,31280
p30,31290
p31,31300
p32,31310
p33,31320
p34,31330
p35,31340
p36,31350
p37,31360
p38,31370
p39,31380
p40,31390
p41,31400
p42,31410
p43,31420
p44,31430
p45,31440
p46,31450
p47,31460
p48,31470
p49,31480
p50,31490
p51,31500
p52,31510
p53,31520
p54,31530
p55,31540
p56,31550
p57,31560
p58,31570
p59,31580
p60,31590
p61,31600
p62,31610
p63,31620
p64,31630
p65,31640
p66,31650
p67,31660
p68,31670
p69,31680
p70,31690
p71,31700
p72,31710
p73,31720
p74,31730
p75,31740
p76,31750
p77,31760
p78,31770
p79,31780
p80,31790
p81,31800
p82,31810
p83,31820
p84,31830
p85,31840
p86,31850
p87,31860
p88,31870
p89,31880
p90,31890
p91,31900
p92,31910
p93,31920
p94,31930
p95,31940
p96,31950
p97,31960
p98,31970
p99,31980
p100,31990
p1,32000
p2,32010
p3,32020
p4,32030
p5,32040
p6,32050
p7,32060
p8,32070
p9,32080
p10,32090
p11,32100
p12,32110
p13,32120
p14,32130
p15,32140
p16,32150
p17,32160
p18,32170
p19,32180
p20,32190
p21,32200
p22,32210
p23,32220
p24,32230
p25,32240
p26,32250
p27,32260
p28,32270
p29,32280
p30,32290
p31,32300
p32,32310
p33,32320
p34,32330
p35,32340
p36,32350
p37,32360
p38,32370
p39,32380
p40,32390
p41,32400
p42,32410
p43,32420
p44,32430
p45,32440
p46,32450
p47,32460
p48,32470
p49,32480
p50,32490
p51,32500
p52,32510
p53,32520
p54,32530
p55,32540
p56,32550
p57,32560
p58,32570
p59,32580
p60,32590
p61,32600
p62,32610
p63,32620
p64,32630
p65,32640
p66,32650
p67,32660
p68,32670
p69,32680
p70,32690
p71,32700
p72,32710
p73,32720
p74,32730
p75,32740
p76,32750
p77,32760
p78,32770
p79,32780
p80,32790
p81,32800
p82,32810
p83,32820
p84,32830
p85,32840
p86,32850
p87,32860
p88,32870
p89,32880
p90,32890
p91,32900
p92,32910
p93,32920
p94,32930
p95,32940
p96,32950
p97,32960
p98,32970
p99,32980
p100,32990
p1,33000
p2,33010
p3,33020
p4,33030
p5,33040
p6,33050
p7,33060
p8,33070
p9,33080
p10,33090
p11,33100
p12,33110
p13,33120
p14,33130
p15,33140
p16,33150
p17,33160
p18,33170
p19,33180
p20,33190
p21,33200
p22,33210
p23,33220
p24,33230
p25,33240
p26,33250
p27,33260
p28,33270
p29,33280
p30,33290
p31,33300
p32,33310
p33,33320
p34,33330
p35,33340
p36,33350
p37,33360
p38,33370
p39,33380
p40,33390
p41,33400
p42,33410
p43,33420
p44,33430
p45,33440
p46,33450
p47,33460
p48,33470
p49,33480
p50,33490
p51,33500
p52,33510
p53,33520
p54,33530
p55,33540
p56,33550
p57,33560
p58,33570
p59,33580
p60,33590
p61,33600
p62,33610
p63,33620
p64,33630
p65,33640
p66,33650
p67,33660
p68,33670
p69,33680
p70,33690
p71,33700
p72,33710
p73,33720
p74,33730
p75,33740
p76,33750
p77,33760
p78,33770
p79,33780
p80,33790
p81,33800
p82,33810
p83,33820
p84,33830
p85,33840
p86,33850
p87,33860
p88,33870
p89,33880
p90,33890
p91,33900
p92,33910
p93,33920
p94,33930
p95,33940
p96,33950
p97,33960
p98,33970
p99,33980
p100,33990
p1,34000
p2,34010
p3,34020
p4,34030
p5,34040
p6,34050
p7,34060
p8,34070
p9,34080
p10,34090
p11,34100
p12,34110
p13,34120
p14,34130
p15,34140
p16,34150
p17,34160
p18,34170
p19,34180
p20,34190
p21,34200
p22,34210
p23,34220
p24,34230
p25,34240
p26,34250
p27,34260
p28,34270
p29,34280
p30,34290
p31,34300
p32,34310
p33,34320
p34,34330
p35,34340
p36,34350
p37,34360
p38,34370
p39,34380
p40,34390
p41,34400
p42,34410
p43,34420
p44,34430
p45,34440
p46,34450
p47,34460
p48,34470
p49,34480
p50,34490
p51,34500
p52,34510
p53,34520
p54,34530
p55,34540
p56,34550
p57,34560
p58,34570
p59,34580
p60,34590
p61,34600
p62,34610
p63,34620
p64,34630
p65,34640
p66,34650
p67,34660
p68,34670
p69,34680
p70,34690
p71,34700
p72,34710
p73,34720
p74,34730
p75,34740
p76,34750
p77,34760
p78,34770
p79,34780
p80,34790
p81,34800
p82,34810
p83,34820
p84,34830
p85,34840
p86,34850
p87,34860
p88,34870
p89,34880
p90,34890
p91,34900
p92,34910
p93,34920
p94,34930
p95,34940
p96,34950
p97,34960
p98,34970
p99,34980
p100,34990
p1,35000
p2,35010
p3,35020
p4,35030
p5,35040
p6,35050
p7,35060
p8,35070
p9,35080
p10,35090
p11,35100
p12,35110
p13,35120
p14,35130
p15,35140
p16,35150
p17,35160
p18,35170
p19,35180
p20,35190
p21,35200
p22,35210
p23,35220
p24,35230
p25,35240
p26,35250
p27,35260
p28,35270
p29,35280
p30,35290
p31,35300
p32,35310
p33,35320
p34,35330
p35,35340
p36,35350
p37,35360
p38,35370
p39,35380
p40,35390
p41,35400
p42,35410
p43,35420
p44,35430
p45,35440
p46,35450
p47,35460
p48,35470
p49,35480
p50,35490
p51,35500
p52,35510
p53,35520
p54,35530
p55,35540
p56,35550
p57,35560
p58,35570
p59,35580
p60,35590
p61,35600
p62,35610
p63,35620
p64,35630
p65,35640
p66,35650
p67,35660
p68,35670
p69,35680
p70,35690
p71,35700
p72,35710
p73,35720
p74,35730
p75,35740
p76,35750
p77,35760
p78,35770
p79,35780
p80,35790
p81,35800
p82,35810
p83,35820
p84,35830
p85,35840
p86,35850
p87,35860
p88,35870
p89,35880
p90,35890
p91,35900
p92,35910
p93,35920
p94,35930
p95,35940
p96,35950
p97,35960
p98,35970
p99,35980
p100,35990
p1,36000
p2,36010
p3,36020
p4,36030
p5,36040
p6,36050
p7,36060
p8,36070
p9,36080
p10,36090
p11,36100
p12,36110
p13,36120
p14,36130
p15,36140
p16,36150
p17,36160
p18,36170
p19,36180
p20,36190
p21,36200
p22,36210
p23,36220
p24,36230
p25,36240
p26,36250
p27,36260
p28,36270
p29,36280
p30,36290
p31,36300
p32,36310
p33,36320
p34,36330
p35,36340
p36,36350
p37,36360
p38,36370
p39,36380
p40,36390
p41,36400
p42,36410
p43,36420
p44,36430
p45,36440
p46,36450
p47,36460
p48,36470
p49,36480
p50,36490
p51,36500
p52,36510
p53,36520
p54,36530
p55,36540
p56,36550
p57,36560
p58,36570
p59,36580
p60,36590
p61,36600
p62,36610
p63,36620
p64,36630
p65,36640
p66,36650
p67,36660
p68,36670
p69,36680
p70,36690
p71,36700
p72,36710
p73,36720
p74,36730
p75,36740
p76,36750
p77,36760
p78,36770
p79,36780
p80,36790
p81,36800
p82,36810
p83,36820
p84,36830
p85,36840
p86,36850
p87,36860
p88,36870
p89,36880
p90,36890
p91,36900
p92,36910
p93,36920
p94,36930
p95,36940
p96,36950
p97,36960
p98,36970
p99,36980
p100,36990
p1,37000
p2,37010
p3,37020
p4,37030
p5,37040
p6,37050
p7,37060
p8,37070
p9,37080
p10,37090
p11,37100
p12,37110
p13,37120
p14,37130
p15,37140
p16,37150
p17,37160
p18,37170
p19,37180
p20,37190
p21,37200
p22,37210
p23,37220
p24,37230
p25,37240
p26,37250
p27,37260
p28,37270
p29,37280
p30,37290
p31,37300
p32,37310
p33,37320
p34,37330
p35,37340
p36,37350
p37,37360
p38,37370
p39,37380
p40,37390
p41,37400
p42,37410
p43,37420
p44,37430
p45,37440
p46,37450
p47,37460
p48,37470
p49,37480
p50,37490
p51,37500
p52,37510
p53,37520
p54,37530
p55,37540
p56,37550
p57,37560
p58,37570
p59,37580
p60,37590
p61,37600
p62,37610
p63,37620
p64,37630
p65,37640
p66,37650
p67,37660
p68,37670
p69,37680
p70,37690
p71,37700
p72,37710
p73,37720
p74,37730
p75,37740
p76,37750
p77,37760
p78,37770
p79,37780
p80,37790
p81,37800
p82,37810
p83,37820
p84,37830
p85,37840
p86,37850
p87,37860
p88,37870
p89,37880
p90,37890
p91,37900
p92,37910
p93,37920
p94,37930
p95,37940
p96,37950
p97,37960
p98,37970
p99,37980
p100,37990
p1,38000
p2,38010
p3,38020
p4,38030
p5,38040
p6,38050
p7,38060
p8,38070
p9,38080
p10,38090
p11,38100
p12,38110
p13,38120
p14,38130
p15,38140
p16,38150
p17,38160
p18,38170
p19,38180
p20,38190
p21,38200
p22,38210
p23,38220
p24,38230
p25,38240
p26,38250
p27,38260
p28,38270
p29,38280
p30,38290
p31,38300
p32,38310
p33,38320
p34,38330
p35,38340
p36,38350
p37,38360
p38,38370
p39,38380
p40,38390
p41,38400
p42,38410
p43,38420
p44,38430
p45,38440
p46,38450
p47,38460
p48,38470
p49,38480
p50,38490
p51,38500
p52,38510
p53,38520
p54,38530
p55,38540
p56,38550
p57,38560
p58,38570
p59,38580
p60,38590
p61,38600
p62,38610
p63,38620
p64,38630
p65,38640
p66,38650
p67,38660
p68,38670
p69,38680
p70,38690
p71,38700
p72,38710
p73,38720
p74,38730
p75,38740
p76,38750
p77,38760
p78,38770
p79,38780
p80,38790
p81,38800
p82,38810
p83,38820
p84,38830
p85,38840
p86,38850
p87,38860
p88,38870
p89,38880
p90,38890
p91,38900
p92,38910
p93,38920
p94,38930
p95,38940
p96,38950
p97,38960
p98,38970
p99,38980
p100,38990
p1,39000
p2,39010
p3,39020
p4,39030
p5,39040
p6,39050
p7,39060
p8,39070
p9,39080
p10,39090
p11,39100
p12,39110
p13,39120
p14,39130
p15,39140
p16,39150
p17,39160
p18,39170
p19,39180
p20,39190
p21,39200
p22,39210
p23,39220
p24,39230
p25,39240
p26,39250
p27,39260
p28,39270
p29,39280
p30,39290
p31,39300
p32,39310
p33,39320
p34,39330
p35,39340
p36,39350
p37,39360
p38,39370
p39,39380
p40,39390
p41,39400
p42,39410
p43,39420
p44,39430
p45,39440
p46,39450
p47,39460
p48,39470
p49,39480
p50,39490
p51,39500
p52,39510
p53,39520
p54,39530
p55,39540
p56,39550
p57,39560
p58,39570
p59,39580
p60,39590
p61,39600
p62,39610
p63,39620
p64,39630
p65,39640
p66,39650
p67,39660
p68,39670
p69,39680
p70,39690
p71,39700
p72,39710
p73,39720
p74,39730
p75,39740
p76,39750
p77,39760
p78,39770
p79,39780
p80,39790
p81,39800
p82,39810
p83,39820
p84,39830
p85,39840
p86,39850
p87,39860
p88,39870
p89,39880
p90,39890
p91,39900
p92,39910
p93,39920
p94,39930
p95,39940
p96,39950
p97,39960
p98,39970
p99,39980
p100,39990
p1,40000
p2,40010
p3,40020
p4,40030
p5,40040
p6,40050
p7,40060
p8,40070
p9,40080
p10,40090
p11,40100
p12,40110
p13,40120
p14,40130
p15,40140
p16,40150
p17,40160
p18,40170
p19,40180
p20,40190
p21,40200
p22,40210
p23,40220
p24,40230
p25,40240
p26,40250
p27,40260
p28,40270
p29,40280
p30,40290
p31,40300
p32,40310
p33,40320
p34,40330
p35,40340
p36,40350
p37,40360
p38,40370
p39,40380
p40,40390
p41,40400
p42,40410
p43,40420
p44,40430
p45,40440
p46,40450
p47,40460
p48,40470
p49,40480
p50,40490
p51,40500
p52,40510
p53,40520
p54,40530
p55,40540
p56,40550
p57,40560
p58,40570
p59,40580
p60,40590
p61,40600
p62,40610
p63,40620
p64,40630
p65,40640
p66,40650
p67,40660
p68,40670
p69,40680
p70,40690
p71,40700
p72,40710
p73,40720
p74,40730
p75,40740
p76,40750
p77,40760
p78,40770
p79,40780
p80,40790
p81,40800
p82,40810
p83,40820
p84,40830
p85,40840
p86,40850
p87,40860
p88,40870
p89,40880
p90,40890
p91,40900
p92,40910
p93,40920
p94,40930
p95,40940
p96,40950
p97,40960
p98,40970
p99,40980
p100,40990
p1,41000
p2,41010
p3,41020
p4,41030
p5,41040
p6,41050
p7,41060
p8,41070
p9,41080
p10,41090
p11,41100
p12,41110
p13,41120
p14,41130
p15,41140
p16,41150
p17,41160
p18,41170
p19,41180
p20,41190
p21,41200
p22,41210
p23,41220
p24,41230
p25,41240
p26,41250
p27,41260
p28,41270
p29,41280
p30,41290
p31,41300
p32,41310
p33,41320
p34,41330
p35,41340
p36,41350
p37,41360
p38,41370
p39,41380
p40,41390
p41,41400
p42,41410
p43,41420
p44,41430
p45,41440
p46,41450
p47,41460
p48,41470
p49,41480
p50,41490
p51,41500
p52,41510
p53,41520
p54,41530
p55,41540
p56,41550
p57,41560
p58,41570
p59,41580
p60,41590
p61,41600
p62,41610
p63,41620
p64,41630
p65,41640
p66,41650
p67,41660
p68,41670
p69,41680
p70,41690
p71,41700
p72,41710
p73,41720
p74,41730
p75,41740
p76,41750
p77,41760
p78,41770
p79,41780
p80,41790
p81,41800
p82,41810
p83,41820
p84,41830
p85,41840
p86,41850
p87,41860
p88,41870
p89,41880
p90,41890
p91,41900
p92,41910
p93,41920
p94,41930
p95,41940
p96,41950
p97,41960
p98,41970
p99,41980
p100,41990
p1,42000
p2,42010
p3,42020
p4,42030
p5,42040
p6,42050
p7,42060
p8,42070
p9,42080
p10,42090
p11,42100
p12,42110
p13,42120
p14,42130
p15,42140
p16,42150
p17,42160
p18,42170
p19,42180
p20,42190
p21,42200
p22,42210
p23,42220
p24,42230
p25,42240
p26,42250
p27,42260
p28,42270
p29,42280
p30,42290
p31,42300
p32,42310
p33,42320
p34,42330
p35,42340
p36,42350
p37,42360
p38,42370
p39,42380
p40,42390
p41,42400
p42,42410
p43,42420
p44,42430
p45,42440
p46,42450
p47,42460
p48,42470
p49,42480
p50,42490
p51,42500
p52,42510
p53,42520
p54,42530
p55,42540
p56,42550
p57,42560
p58,42570
p59,42580
p60,42590
p61,42600
p62,42610
p63,42620
p64,42630
p65,42640
p66,42650
p67,42660
p68,42670
p69,42680
p70,42690
p71,42700
p72,42710
p73,42720
p74,42730
p75,42740
p76,42750
p77,42760
p78,42770
p79,42780
p80,42790
p81,42800
p82,42810
p83,42820
p84,42830
p85,42840
p86,42850
p87,42860
p88,42870
p89,42880
p90,42890
p91,42900
p92,42910
p93,42920
p94,42930
p95,42940
p96,42950
p97,42960
p98,42970
p99,42980
p100,42990
p1,43000
p2,43010
p3,43020
p4,43030
p5,43040
p6,43050
p7,43060
p8,43070
p9,43080
p10,43090
p11,43100
p12,43110
p13,43120
p14,43130
p15,43140
p16,43150
p17,43160
p18,43170
p19,43180
p20,43190
p21,43200
p22,43210
p23,43220
p24,43230
p25,43240
p26,43250
p27,43260
p28,43270
p29,43280
p30,43290
p31,43300
p32,43310
p33,43320
p34,43330
p35,43340
p36,43350
p37,43360
p38,43370
p39,43380
p40,43390
p41,43400
p42,43410
p43,43420
p44,43430
p45,43440
p46,43450
p47,43460
p48,43470
p49,43480
p50,43490
p51,43500
p52,43510
p53,43520
p54,43530
p55,43540
p56,43550
p57,43560
p58,43570
p59,43580
p60,43590
p61,43600
p62,43610
p63,43620
p64,43630
p65,43640
p66,43650
p67,43660
p68,43670
p69,43680
p70,43690
p71,43700
p72,43710
p73,43720
p74,43730
p75,43740
p76,43750
p77,43760
p78,43770
p79,43780
p80,43790
p81,43800
p82,43810
p83,43820
p84,43830
p85,43840
p86,43850
p87,43860
p88,43870
p89,43880
p90,43890
p91,43900
p92,43910
p93,43920
p94,43930
p95,43940
p96,43950
p97,43960
p98,43970
p99,43980
p100,43990
p1,44000
p2,44010
p3,44020
p4,44030
p5,44040
p6,44050
p7,44060
p8,44070
p9,44080
p10,44090
p11,44100
p12,44110
p13,44120
p14,44130
p15,44140
p16,44150
p17,44160
p18,44170
p19,44180
p20,44190
p21,44200
p22,44210
p23,44220
p24,44230
p25,44240
p26,44250
p27,44260
p28,44270
p29,44280
p30,44290
p31,44300
p32,44310
p33,44320
p34,44330
p35,44340
p36,44350
p37,44360
p38,44370
p39,44380
p40,44390
p41,44400
p42,44410
p43,44420
p44,44430
p45,44440
p46,44450
p47,44460
p48,44470
p49,44480
p50,44490
p51,44500
p52,44510
p53,44520
p54,44530
p55,44540
p56,44550
p57,44560
p58,44570
p59,44580
p60,44590
p61,44600
p62,44610
p63,44620
p64,44630
p65,44640
p66,44650
p67,44660
p68,44670
p69,44680
p70,44690
p71,44700
p72,44710
p73,44720
p74,44730
p75,44740
p76,44750
p77,44760
p78,44770
p79,44780
p80,44790
p81,44800
p82,44810
p83,44820
p84,44830
p85,44840
p86,44850
p87,44860
p88,44870
p89,44880
p90,44890
p91,44900
p92,44910
p93,44920
p94,44930
p95,44940
p96,44950
p97,44960
p98,44970
p99,44980
p100,44990
p1,45000
p2,45010
p3,45020
p4,45030
p5,45040
p6,45050
p7,45060
p8,45070
p9,45080
p10,45090
p11,45100
p12,45110
p13,45120
p14,45130
p15,45140
p16,45150
p17,45160
p18,45170
p19,45180
p20,45190
p21,45200
p22,45210
p23,45220
p24,45230
p25,45240
p26,45250
p27,45260
p28,45270
p29,45280
p30,45290
p31,45300
p32,45310
p33,45320
p34,45330
p35,45340
p36,45350
p37,45360
p38,45370
p39,45380
p40,45390
p41,45400
p42,45410
p43,45420
p44,45430
p45,45440
p46,45450
p47,45460
p48,45470
p49,45480
p50,45490
p51,45500
p52,45510
p53,45520
p54,45530
p55,45540
p56,45550
p57,45560
p58,45570
p59,45580
p60,45590
p61,45600
p62,45610
p63,45620
p64,45630
p65,45640
p66,45650
p67,45660
p68,45670
p69,45680
p70,45690
p71,45700
p72,45710
p73,45720
p74,45730
p75,45740
p76,45750
p77,45760
p78,45770
p79,45780
p80,45790
p81,45800
p82,45810
p83,45820
p84,45830
p85,45840
p86,45850
p87,45860
p88,45870
p89,45880
p90,45890
p91,45900
p92,45910
p93,45920
p94,45930
p95,45940
p96,45950
p97,45960
p98,45970
p99,45980
p100,45990
p1,46000
p2,46010
p3,46020
p4,46030
p5,46040
p6,46050
p7,46060
p8,46070
p9,46080
p10,46090
p11,46100
p12,46110
p13,46120
p14,46130
p15,46140
p16,46150
p17,46160
p18,46170
p19,46180
p20,46190
p21,46200
p22,46210
p23,46220
p24,46230
p25,46240
p26,46250
p27,46260
p28,46270
p29,46280
p30,46290
p31,46300
p32,46310
p33,46320
p34,46330
p35,46340
p36,46350
p37,46360
p38,46370
p39,46380
p40,46390
p41,46400
p42,46410
p43,46420
p44,46430
p45,46440
p46,46450
p47,46460
p48,46470
p49,46480
p50,46490
p51,46500
p52,46510
p53,46520
p54,46530
p55,46540
p56,46550
p57,46560
p58,46570
p59,46580
p60,46590
p61,46600
p62,46610
p63,46620
p64,46630
p65,46640
p66,46650
p67,46660
p68,46670
p69,46680
p70,46690
p71,46700
p72,46710
p73,46720
p74,46730
p75,46740
p76,46750
p77,46760
p78,46770
p79,46780
p80,46790
p81,46800
p82,46810
p83,46820
p84,46830
p85,46840
p86,46850
p87,46860
p88,46870
p89,46880
p90,46890
p91,46900
p92,46910
p93,46920
p94,46930
p95,46940
p96,46950
p97,46960
p98,46970
p99,46980
p100,46990
p1,47000
p2,47010
p3,47020
p4,47030
p5,47040
p6,47050
p7,47060
p8,47070
p9,47080
p10,47090
p11,47100
p12,47110
p13,47120
p14,47130
p15,47140
p16,47150
p17,47160
p18,47170
p19,47180
p20,47190
p21,47200
p22,47210
p23,47220
p24,47230
p25,47240
p26,47250
p27,47260
p28,47270
p29,47280
p30,47290
p31,47300
p32,47310
p33,47320
p34,47330
p35,47340
p36,47350
p37,47360
p38,47370
p39,47380
p40,47390
p41,47400
p42,47410
p43,47420
p44,47430
p45,47440
p46,47450
p47,47460
p48,47470
p49,47480
p50,47490
p51,47500
p52,47510
p53,47520
p54,47530
p55,47540
p56,47550
p57,47560
p58,47570
p59,47580
p60,47590
p61,47600
p62,47610
p63,47620
p64,47630
p65,47640
p66,47650
p67,47660
p68,47670
p69,47680
p70,47690
p71,47700
p72,47710
p73,47720
p74,47730
p75,47740
p76,47750
p77,47760
p78,47770
p79,47780
p80,47790
p81,47800
p82,47810
p83,47820
p84,47830
p85,47840
p86,47850
p87,47860
p88,47870
p89,47880
p90,47890
p91,47900
p92,47910
p93,47920
p94,47930
p95,47940
p96,47950
p97,47960
p98,47970
p99,47980
p100,47990
p1,48000
p2,48010
p3,48020
p4,48030
p5,48040
p6,48050
p7,48060
p8,48070
p9,48080
p10,48090
p11,48100
p12,48110
p13,48120
p14,48130
p15,48140
p16,48150
p17,48160
p18,48170
p19,48180
p20,48190
p21,48200
p22,48210
p23,48220
p24,48230
p25,48240
p26,48250
p27,48260
p28,48270
p29,48280
p30,48290
p31,48300
p32,48310
p33,48320
p34,48330
p35,48340
p36,48350
p37,48360
p38,48370
p39,48380
p40,48390
p41,48400
p42,48410
p43,48420
p44,48430
p45,48440
p46,48450
p47,48460
p48,48470
p49,48480
p50,48490
p51,48500
p52,48510
p53,48520
p54,48530
p55,48540
p56,48550
p57,48560
p58,48570
p59,48580
p60,48590
p61,48600
p62,48610
p63,48620
p64,48630
p65,48640
p66,48650
p67,48660
p68,48670
p69,48680
p70,48690
p71,48700
p72,48710
p73,48720
p74,48730
p75,48740
p76,48750
p77,48760
p78,48770
p79,48780
p80,48790
p81,48800
p82,48810
p83,48820
p84,48830
p85,48840
p86,48850
p87,48860
p88,48870
p89,48880
p90,48890
p91,48900
p92,48910
p93,48920
p94,48930
p95,48940
p96,48950
p97,48960
p98,48970
p99,48980
p100,48990
p1,49000
p2,49010
p3,49020
p4,49030
p5,49040
p6,49050
p7,49060
p8,49070
p9,49080
p10,49090
p11,49100
p12,49110
p13,49120
p14,49130
p15,49140
p16,49150
p17,49160
p18,49170
p19,49180
p20,49190
p21,49200
p22,49210
p23,49220
p24,49230
p25,49240
p26,49250
p27,49260
p28,49270
p29,49280
p30,49290
p31,49300
p32,49310
p33,49320
p34,49330
p35,49340
p36,49350
p37,49360
p38,49370
p39,49380
p40,49390
p41,49400
p42,49410
p43,49420
p44,49430
p45,49440
p46,49450
p47,49460
p48,49470
p49,49480
p50,49490
p51,49500
p52,49510
p53,49520
p54,49530
p55,49540
p56,49550
p57,49560
p58,49570
p59,49580
p60,49590
p61,49600
p62,49610
p63,49620
p64,49630
p65,49640
p66,49650
p67,49660
p68,49670
p69,49680
p70,49690
p71,49700
p72,49710
p73,49720
p74,49730
p75,49740
p76,49750
p77,49760
p78,49770
p79,49780
p80,49790
p81,49800
p82,49810
p83,49820
p84,49830
p85,49840
p86,49850
p87,49860
p88,49870
p89,49880
p90,49890
p91,49900
p92,49910
p93,49920
p94,49930
p95,49940
p96,49950
p97,49960
p98,49970
p99,49980
p100,49990
p1,50000
p2,50010
p3,50020
p4,50030
p5,50040
p6,50050
p7,50060
p8,50070
p9,50080
p10,50090
p11,50100
p12,50110
p13,50120
p14,50130
p15,50140
p16,50150
p17,50160
p18,50170
p19,50180
p20,50190
p21,50200
p22,50210
p23,50220
p24,50230
p25,50240
p26,50250
p27,50260
p28,50270
p29,50280
p30,50290
p31,50300
p32,50310
p33,50320
p34,50330
p35,50340
p36,50350
p37,50360
p38,50370
p39,50380
p40,50390
p41,50400
p42,50410
p43,50420
p44,50430
p45,50440
p46,50450
p47,50460
p48,50470
p49,50480
p50,50490
p51,50500
p52,50510
p53,50520
p54,50530
p55,50540
p56,50550
p57,50560
p58,50570
p59,50580
p60,50590
p61,50600
p62,50610
p63,50620
p64,50630
p65,50640
p66,50650
p67,50660
p68,50670
p69,50680
p70,50690
p71,50700
p72,50710
p73,50720
p74,50730
p75,50740
p76,50750
p77,50760
p78,50770
p79,50780
p80,50790
p81,50800
p82,50810
p83,50820
p84,50830
p85,50840
p86,50850
p87,50860
p88,50870
p89,50880
p90,50890
p91,50900
p92,50910
p93,50920
p94,50930
p95,50940
p96,50950
p97,50960
p98,50970
p99,50980
p100,50990
p1,51000
p2,51010
p3,51020
p4,51030
p5,51040
p6,51050
p7,51060
p8,51070
p9,51080
p10,51090
p11,51100
p12,51110
p13,51120
p14,51130
p15,51140
p16,51150
p17,51160
p18,51170
p19,51180
p20,51190
p21,51200
p22,51210
p23,51220
p24,51230
p25,51240
p26,51250
p27,51260
p28,51270
p29,51280
p30,51290
p31,51300
p32,51310
p33,51320
p34,51330
p35,51340
p36,51350
p37,51360
p38,51370
p39,51380
p40,51390
p41,51400
p42,51410
p43,51420
p44,51430
p45,51440
p46,51450
p47,51460
p48,51470
p49,51480
p50,51490
p51,51500
p52,51510
p53,51520
p54,51530
p55,51540
p56,51550
p57,51560
p58,51570
p59,51580
p60,51590
p61,51600
p62,51610
p63,51620
p64,51630
p65,51640
p66,51650
p67,51660
p68,51670
p69,51680
p70,51690
p71,51700
p72,51710
p73,51720
p74,51730
p75,51740
p76,51750
p77,51760
p78,51770
p79,51780
p80,51790
p81,51800
p82,51810
p83,51820
p84,51830
p85,51840
p86,51850
p87,51860
p88,51870
p89,51880
p90,51890
p91,51900
p92,51910
p93,51920
p94,51930
p95,51940
p96,51950
p97,51960
p98,51970
p99,51980
p100,51990
p1,52000
p2,52010
p3,52020
p4,52030
p5,52040
p6,52050
p7,52060
p8,52070
p9,52080
p10,52090
p11,52100
p12,52110
p13,52120
p14,52130
p15,52140
p16,52150
p17,52160
p18,52170
p19,52180
p20,52190
p21,52200
p22,52210
p23,52220
p24,52230
p25,52240
p26,52250
p27,52260
p28,52270
p29,52280
p30,52290
p31,52300
p32,52310
p33,52320
p34,52330
p35,52340
p36,52350
p37,52360
p38,52370
p39,52380
p40,52390
p41,52400
p42,52410
p43,52420
p44,52430
p45,52440
p46,52450
p47,52460
p48,52470
p49,52480
p50,52490
p51,52500
p52,52510
p53,52520
p54,52530
p55,52540
p56,52550
p57,52560
p58,52570
p59,52580
p60,52590
p61,52600
p62,52610
p63,52620
p64,52630
p65,52640
p66,52650
p67,52660
p68,52670
p69,52680
p70,52690
p71,52700
p72,52710
p73,52720
p74,52730
p75,52740
p76,52750
p77,52760
p78,52770
p79,52780
p80,52790
p81,52800
p82,52810
p83,52820
p84,52830
p85,52840
p86,52850
p87,52860
p88,52870
p89,52880
p90,52890
p91,52900
p92,52910
p93,52920
p94,52930
p95,52940
p96,52950
p97,52960
p98,52970
p99,52980
p100,52990
p1,53000
p2,53010
p3,53020
p4,53030
p5,53040
p6,53050
p7,53060
p8,53070
p9,53080
p10,53090
p11,53100
p12,53110
p13,53120
p14,53130
p15,53140
p16,53150
p17,53160
p18,53170
p19,53180
p20,53190
p21,53200
p22,53210
p23,53220
p24,53230
p25,53240
p26,53250
p27,53260
p28,53270
p29,53280
p30,53290
p31,53300
p32,53310
p33,53320
p34,53330
p35,53340
p36,53350
p37,53360
p38,53370
p39,53380
p40,53390
p41,53400
p42,53410
p43,53420
p44,53430
p45,53440
p46,53450
p47,53460
p48,53470
p49,53480
p50,53490
p51,53500
p52,53510
p53,53520
p54,53530
p55,53540
p56,53550
p57,53560
p58,53570
p59,53580
p60,53590
p61,53600
p62,53610
p63,53620
p64,53630
p65,53640
p66,53650
p67,53660
p68,53670
p69,53680
p70,53690
p71,53700
p72,53710
p73,53720
p74,53730
p75,53740
p76,53750
p77,53760
p78,53770
p79,53780
p80,53790
p81,53800
p82,53810
p83,53820
p84,53830
p85,53840
p86,53850
p87,53860
p88,53870
p89,53880
p90,53890
p91,53900
p92,53910
p93,53920
p94,53930
p95,53940
p96,53950
p97,53960
p98,53970
p99,53980
p100,53990
p1,54000
p2,54010
p3,54020
p4,54030
p5,54040
p6,54050
p7,54060
p8,54070
p9,54080
p10,54090
p11,54100
p12,54110
p13,54120
p14,54130
p15,54140
p16,54150
p17,54160
p18,54170
p19,54180
p20,54190
p21,54200
p22,54210
p23,54220
p24,54230
p25,54240
p26,54250
p27,54260
p28,54270
p29,54280
p30,54290
p31,54300
p32,54310
p33,54320
p34,54330
p35,54340
p36,54350
p37,54360
p38,54370
p39,54380
p40,54390
p41,54400
p42,54410
p43,54420
p44,54430
p45,54440
p46,54450
p47,54460
p48,54470
p49,54480
p50,54490
p51,54500
p52,54510
p53,54520
p54,54530
p55,54540
p56,54550
p57,54560
p58,54570
p59,54580
p60,54590
p61,54600
p62,54610
p63,54620
p64,54630
p65,54640
p66,54650
p67,54660
p68,54670
p69,54680
p70,54690
p71,54700
p72,54710
p73,54720
p74,54730
p75,54740
p76,54750
p77,54760
p78,54770
p79,54780
p80,54790
p81,54800
p82,54810
p83,54820
p84,54830
p85,54840
p86,54850
p87,54860
p88,54870
p89,54880
p90,54890
p91,54900
p92,54910
p93,54920
p94,54930
p95,54940
p96,54950
p97,54960
p98,54970
p99,54980
p100,54990
p1,55000
p2,55010
p3,55020
p4,55030
p5,55040
p6,55050
p7,55060
p8,55070
p9,55080
p10,55090
p11,55100
p12,55110
p13,55120
p14,55130
p15,55140
p16,55150
p17,55160
p18,55170
p19,55180
p20,55190
p21,55200
p22,55210
p23,55220
p24,55230
p25,55240
p26,55250
p27,55260
p28,55270
p29,55280
p30,55290
p31,55300
p32,55310
p33,55320
p34,55330
p35,55340
p36,55350
p37,55360
p38,55370
p39,55380
p40,55390
p41,55400
p42,55410
p43,55420
p44,55430
p45,55440
p46,55450
p47,55460
p48,55470
p49,55480
p50,55490
p51,55500
p52,55510
p53,55520
p54,55530
p55,55540
p56,55550
p57,55560
p58,55570
p59,55580
p60,55590
p61,55600
p62,55610
p63,55620
p64,55630
p65,55640
p66,55650
p67,55660
p68,55670
p69,55680
p70,55690
p71,55700
p72,55710
p73,55720
p74,55730
p75,55740
p76,55750
p77,55760
p78,55770
p79,55780
p80,55790
p81,55800
p82,55810
p83,55820
p84,55830
p85,55840
p86,55850
p87,55860
p88,55870
p89,55880
p90,55890
p91,55900
p92,55910
p93,55920
p94,55930
p95,55940
p96,55950
p97,55960
p98,55970
p99,55980
p100,55990
p1,56000
p2,56010
p3,56020
p4,56030
p5,56040
p6,56050
p7,56060
p8,56070
p9,56080
p10,56090
p11,56100
p12,56110
p13,56120
p14,56130
p15,56140
p16,56150
p17,56160
p18,56170
p19,56180
p20,56190
p21,56200
p22,56210
p23,56220
p24,56230
p25,56240
p26,56250
p27,56260
p28,56270
p29,56280
p30,56290
p31,56300
p32,56310
p33,56320
p34,56330
p35,56340
p36,56350
p37,56360
p38,56370
p39,56380
p40,56390
p41,56400
p42,56410
p43,56420
p44,56430
p45,56440
p46,56450
p47,56460
p48,56470
p49,56480
p50,56490
p51,56500
p52,56510
p53,56520
p54,56530
p55,56540
p56,56550
p57,56560
p58,56570
p59,56580
p60,56590
p61,56600
p62,56610
p63,56620
p64,56630
p65,56640
p66,56650
p67,56660
p68,56670
p69,56680
p70,56690
p71,56700
p72,56710
p73,56720
p74,56730
p75,56740
p76,56750
p77,56760
p78,56770
p79,56780
p80,56790
p81,56800
p82,56810
p83,56820
p84,56830
p85,56840
p86,56850
p87,56860
p88,56870
p89,56880
p90,56890
p91,56900
p92,56910
p93,56920
p94,56930
p95,56940
p96,56950
p97,56960
p98,56970
p99,56980
p100,56990
p1,57000
p2,57010
p3,57020
p4,57030
p5,57040
p6,57050
p7,57060
p8,57070
p9,57080
p10,57090
p11,57100
p12,57110
p13,57120
p14,57130
p15,57140
p16,57150
p17,57160
p18,57170
p19,57180
p20,57190
p21,57200
p22,57210
p23,57220
p24,57230
p25,57240
p26,57250
p27,57260
p28,57270
p29,57280
p30,57290
p31,57300
p32,57310
p33,57320
p34,57330
p35,57340
p36,57350
p37,57360
p38,57370
p39,57380
p40,57390
p41,57400
p42,57410
p43,57420
p44,57430
p45,57440
p46,57450
p47,57460
p48,57470
p49,57480
p50,57490
p51,57500
p52,57510
p53,57520
p54,57530
p55,57540
p56,57550
p57,57560
p58,57570
p59,57580
p60,57590
p61,57600
p62,57610
p63,57620
p64,57630
p65,57640
p66,57650
p67,57660
p68,57670
p69,57680
p70,57690
p71,57700
p72,57710
p73,57720
p74,57730
p75,57740
p76,57750
p77,57760
p78,57770
p79,57780
p80,57790
p81,57800
p82,57810
p83,57820
p84,57830
p85,57840
p86,57850
p87,57860
p88,57870
p89,57880
p90,57890
p91,57900
p92,57910
p93,57920
p94,57930
p95,57940
p96,57950
p97,57960
p98,57970
p99,57980
p100,57990
p1,58000
p2,58010
p3,58020
p4,58030
p5,58040
p6,58050
p7,58060
p8,58070
p9,58080
p10,58090
p11,58100
p12,58110
p13,58120
p14,58130
p15,58140
p16,58150
p17,58160
p18,58170
p19,58180
p20,58190
p21,58200
p22,58210
p23,58220
p24,58230
p25,58240
p26,58250
p27,58260
p28,58270
p29,58280
p30,58290
p31,58300
p32,58310
p33,58320
p34,58330
p35,58340
p36,58350
p37,58360
p38,58370
p39,58380
p40,58390
p41,58400
p42,58410
p43,58420
p44,58430
p45,58440
p46,58450
p47,58460
p48,58470
p49,58480
p50,58490
p51,58500
p52,58510
p53,58520
p54,58530
p55,58540
p56,58550
p57,58560
p58,58570
p59,58580
p60,58590
p61,58600
p62,58610
p63,58620
p64,58630
p65,58640
p66,58650
p67,58660
p68,58670
p69,58680
p70,58690
p71,58700
p72,58710
p73,58720
p74,58730
p75,58740
p76,58750
p77,58760
p78,58770
p79,58780
p80,58790
p81,58800
p82,58810
p83,58820
p84,58830
p85,58840
p86,58850
p87,58860
p88,58870
p89,58880
p90,58890
p91,58900
p92,58910
p93,58920
p94,58930
p95,58940
p96,58950
p97,58960
p98,58970
p99,58980
p100,58990
p1,59000
p2,59010
p3,59020
p4,59030
p5,59040
p6,59050
p7,59060
p8,59070
p9,59080
p10,59090
p11,59100
p12,59110
p13,59120
p14,59130
p15,59140
p16,59150
p17,59160
p18,59170
p19,59180
p20,59190
p21,59200
p22,59210
p23,59220
p24,59230
p25,59240
p26,59250
p27,59260
p28,59270
p29,59280
p30,59290
p31,59300
p32,59310
p33,59320
p34,59330
p35,59340
p36,59350
p37,59360
p38,59370
p39,59380
p40,59390
p41,59400
p42,59410
p43,59420
p44,59430
p45,59440
p46,59450
p47,59460
p48,59470
p49,59480
p50,59490
p51,59500
p52,59510
p53,59520
p54,59530
p55,59540
p56,59550
p57,59560
p58,59570
p59,59580
p60,59590
p61,59600
p62,59610
p63,59620
p64,59630
p65,59640
p66,59650
p67,59660
p68,59670
p69,59680
p70,59690
p71,59700
p72,59710
p73,59720
p74,59730
p75,59740
p76,59750
p77,59760
p78,59770
p79,59780
p80,59790
p81,59800
p82,59810
p83,59820
p84,59830
p85,59840
p86,59850
p87,59860
p88,59870
p89,59880
p90,59890
p91,59900
p92,59910
p93,59920
p94,59930
p95,59940
p96,59950
p97,59960
p98,59970
p99,59980
p100,59990
p1,60000
p2,60010
p3,60020
p4,60030
p5,60040
p6,60050
p7,60060
p8,60070
p9,60080
p10,60090
p11,60100
p12,60110
p13,60120
p14,60130
p15,60140
p16,60150
p17,60160
p18,60170
p19,60180
p20,60190
p21,60200
p22,60210
p23,60220
p24,60230
p25,60240
p26,60250
p27,60260
p28,60270
p29,60280
p30,60290
p31,60300
p32,60310
p33,60320
p34,60330
p35,60340
p36,60350
p37,60360
p38,60370
p39,60380
p40,60390
p41,60400
p42,60410
p43,60420
p44,60430
p45,60440
p46,60450
p47,60460
p48,60470
p49,60480
p50,60490
p51,60500
p52,60510
p53,60520
p54,60530
p55,60540
p56,60550
p57,60560
p58,60570
p59,60580
p60,60590
p61,60600
p62,60610
p63,60620
p64,60630
p65,60640
p66,60650
p67,60660
p68,60670
p69,60680
p70,60690
p71,60700
p72,60710
p73,60720
p74,60730
p75,60740
p76,60750
p77,60760
p78,60770
p79,60780
p80,60790
p81,60800
p82,60810
p83,60820
p84,60830
p85,60840
p86,60850
p87,60860
p88,60870
p89,60880
p90,60890
p91,60900
p92,60910
p93,60920
p94,60930
p95,60940
p96,60950
p97,60960
p98,60970
p99,60980
p100,60990
p1,61000
p2,61010
p3,61020
p4,61030
p5,61040
p6,61050
p7,61060
p8,61070
p9,61080
p10,61090
p11,61100
p12,61110
p13,61120
p14,61130
p15,61140
p16,61150
p17,61160
p18,61170
p19,61180
p20,61190
p21,61200
p22,61210
p23,61220
p24,61230
p25,61240
p26,61250
p27,61260
p28,61270
p29,61280
p30,61290
p31,61300
p32,61310
p33,61320
p34,61330
p35,61340
p36,61350
p37,61360
p38,61370
p39,61380
p40,61390
p41,61400
p42,61410
p43,61420
p44,61430
p45,61440
p46,61450
p47,61460
p48,61470
p49,61480
p50,61490
p51,61500
p52,61510
p53,61520
p54,61530
p55,61540
p56,61550
p57,61560
p58,61570
p59,61580
p60,61590
p61,61600
p62,61610
p63,61620
p64,61630
p65,61640
p66,61650
p67,61660
p68,61670
p69,61680
p70,61690
p71,61700
p72,61710
p73,61720
p74,61730
p75,61740
p76,61750
p77,61760
p78,61770
p79,61780
p80,61790
p81,61800
p82,61810
p83,61820
p84,61830
p85,61840
p86,61850
p87,61860
p88,61870
p89,61880
p90,61890
p91,61900
p92,61910
p93,61920
p94,61930
p95,61940
p96,61950
p97,61960
p98,61970
p99,61980
p100,61990
p1,62000
p2,62010
p3,62020
p4,62030
p5,62040
p6,62050
p7,62060
p8,62070
p9,62080
p10,62090
p11,62100
p12,62110
p13,62120
p14,62130
p15,62140
p16,62150
p17,62160
p18,62170
p19,62180
p20,62190
p21,62200
p22,62210
p23,62220
p24,62230
p25,62240
p26,62250
p27,62260
p28,62270
p29,62280
p30,62290
p31,62300
p32,62310
p33,62320
p34,62330
p35,62340
p36,62350
p37,62360
p38,62370
p39,62380
p40,62390
p41,62400
p42,62410
p43,62420
p44,62430
p45,62440
p46,62450
p47,62460
p48,62470
p49,62480
p50,62490
p51,62500
p52,62510
p53,62520
p54,62530
p55,62540
p56,62550
p57,62560
p58,62570
p59,62580
p60,62590
p61,62600
p62,62610
p63,62620
p64,62630
p65,62640
p66,62650
p67,62660
p68,62670
p69,62680
p70,62690
p71,62700
p72,62710
p73,62720
p74,62730
p75,62740
p76,62750
p77,62760
p78,62770
p79,62780
p80,62790
p81,62800
p82,62810
p83,62820
p84,62830
p85,62840
p86,62850
p87,62860
p88,62870
p89,62880
p90,62890
p91,62900
p92,62910
p93,62920
p94,62930
p95,62940
p96,62950
p97,62960
p98,62970
p99,62980
p100,62990
p1,63000
p2,63010
p3,63020
p4,63030
p5,63040
p6,63050
p7,63060
p8,63070
p9,63080
p10,63090
p11,63100
p12,63110
p13,63120
p14,63130
p15,63140
p16,63150
p17,63160
p18,63170
p19,63180
p20,63190
p21,63200
p22,63210
p23,63220
p24,63230
p25,63240
p26,63250
p27,63260
p28,63270
p29,63280
p30,63290
p31,63300
p32,63310
p33,63320
p34,63330
p35,63340
p36,63350
p37,63360
p38,63370
p39,63380
p40,63390
p41,63400
p42,63410
p43,63420
p44,63430
p45,63440
p46,63450
p47,63460
p48,63470
p49,63480
p50,63490
p51,63500
p52,63510
p53,63520
p54,63530
p55,63540
p56,63550
p57,63560
p58,63570
p59,63580
p60,63590
p61,63600
p62,63610
p63,63620
p64,63630
p65,63640
p66,63650
p67,63660
p68,63670
p69,63680
p70,63690
p71,63700
p72,63710
p73,63720
p74,63730
p75,63740
p76,63750
p77,63760
p78,63770
p79,63780
p80,63790
p81,63800
p82,63810
p83,63820
p84,63830
p85,63840
p86,63850
p87,63860
p88,63870
p89,63880
p90,63890
p91,63900
p92,63910
p93,63920
p94,63930
p95,63940
p96,63950
p97,63960
p98,63970
p99,63980
p100,63990
p1,64000
p2,64010
p3,64020
p4,64030
p5,64040
p6,64050
p7,64060
p8,64070
p9,64080
p10,64090
p11,64100
p12,64110
p13,64120
p14,64130
p15,64140
p16,64150
p17,64160
p18,64170
p19,64180
p20,64190
p21,64200
p22,64210
p23,64220
p24,64230
p25,64240
p26,64250
p27,64260
p28,64270
p29,64280
p30,64290
p31,64300
p32,64310
p33,64320
p34,64330
p35,64340
p36,64350
p37,64360
p38,64370
p39,64380
p40,64390
p41,64400
p42,64410
p43,64420
p44,64430
p45,64440
p46,64450
p47,64460
p48,64470
p49,64480
p50,64490
p51,64500
p52,64510
p53,64520
p54,64530
p55,64540
p56,64550
p57,64560
p58,64570
p59,64580
p60,64590
p61,64600
p62,64610
p63,64620
p64,64630
p65,64640
p66,64650
p67,64660
p68,64670
p69,64680
p70,64690
p71,64700
p72,64710
p73,64720
p74,64730
p75,64740
p76,64750
p77,64760
p78,64770
p79,64780
p80,64790
p81,64800
p82,64810
p83,64820
p84,64830
p85,64840
p86,64850
p87,64860
p88,64870
p89,64880
p90,64890
p91,64900
p92,64910
p93,64920
p94,64930
p95,64940
p96,64950
p97,64960
p98,64970
p99,64980
p100,64990
p1,65000
p2,65010
p3,65020
p4,65030
p5,65040
p6,65050
p7,65060
p8,65070
p9,65080
p10,65090
p11,65100
p12,65110
p13,65120
p14,65130
p15,65140
p16,65150
p17,65160
p18,65170
p19,65180
p20,65190
p21,65200
p22,65210
p23,65220
p24,65230
p25,65240
p26,65250
p27,65260
p28,65270
p29,65280
p30,65290
p31,65300
p32,65310
p33,65320
p34,65330
p35,65340
p36,65350
p37,65360
p38,65370
p39,65380
p40,65390
p41,65400
p42,65410
p43,65420
p44,65430
p45,65440
p46,65450
p47,65460
p48,65470
p49,65480
p50,65490
p51,65500
p52,65510
p53,65520
p54,65530
p55,65540
p56,65550
p57,65560
p58,65570
p59,65580
p60,65590
p61,65600
p62,65610
p63,65620
p64,65630
p65,65640
p66,65650
p67,65660
p68,65670
p69,65680
p70,65690
p71,65700
p72,65710
p73,65720
p74,65730
p75,65740
p76,65750
p77,65760
p78,65770
p79,65780
p80,65790
p81,65800
p82,65810
p83,65820
p84,65830
p85,65840
p86,65850
p87,65860
p88,65870
p89,65880
p90,65890
p91,65900
p92,65910
p93,65920
p94,65930
p95,65940
p96,65950
p97,65960
p98,65970
p99,65980
p100,65990
p1,66000
p2,66010
p3,66020
p4,66030
p5,66040
p6,66050
p7,66060
p8,66070
p9,66080
p10,66090
p11,66100
p12,66110
p13,66120
p14,66130
p15,66140
p16,66150
p17,66160
p18,66170
p19,66180
p20,66190
p21,66200
p22,66210
p23,66220
p24,66230
p25,66240
p26,66250
p27,66260
p28,66270
p29,66280
p30,66290
p31,66300
p32,66310
p33,66320
p34,66330
p35,66340
p36,66350
p37,66360
p38,66370
p39,66380
p40,66390
p41,66400
p42,66410
p43,66420
p44,66430
p45,66440
p46,66450
p47,66460
p48,66470
p49,66480
p50,66490
p51,66500
p52,66510
p53,66520
p54,66530
p55,66540
p56,66550
p57,66560
p58,66570
p59,66580
p60,66590
p61,66600
p62,66610
p63,66620
p64,66630
p65,66640
p66,66650
p67,66660
p68,66670
p69,66680
p70,66690
p71,66700
p72,66710
p73,66720
p74,66730
p75,66740
p76,66750
p77,66760
p78,66770
p79,66780
p80,66790
p81,66800
p82,66810
p83,66820
p84,66830
p85,66840
p86,66850
p87,66860
p88,66870
p89,66880
p90,66890
p91,66900
p92,66910
p93,66920
p94,66930
p95,66940
p96,66950
p97,66960
p98,66970
p99,66980
p100,66990
p1,67000
p2,67010
p3,67020
p4,67030
p5,67040
p6,67050
p7,67060
p8,67070
p9,67080
p10,67090
p11,67100
p12,67110
p13,67120
p14,67130
p15,67140
p16,67150
p17,67160
p18,67170
p19,67180
p20,67190
p21,67200
p22,67210
p23,67220
p24,67230
p25,67240
p26,67250
p27,67260
p28,67270
p29,67280
p30,67290
p31,67300
p32,67310
p33,67320
p34,67330
p35,67340
p36,67350
p37,67360
p38,67370
p39,67380
p40,67390
p41,67400
p42,67410
p43,67420
p44,67430
p45,67440
p46,67450
p47,67460
p48,67470
p49,67480
p50,67490
p51,67500
p52,67510
p53,67520
p54,67530
p55,67540
p56,67550
p57,67560
p58,67570
p59,67580
p60,67590
p61,67600
p62,67610
p63,67620
p64,67630
p65,67640
p66,67650
p67,67660
p68,67670
p69,67680
p70,67690
p71,67700
p72,67710
p73,67720
p74,67730
p75,67740
p76,67750
p77,67760
p78,67770
p79,67780
p80,67790
p81,67800
p82,67810
p83,67820
p84,67830
p85,67840
p86,67850
p87,67860
p88,67870
p89,67880
p90,67890
p91,67900
p92,67910
p93,67920
p94,67930
p95,67940
p96,67950
p97,67960
p98,67970
p99,67980
p100,67990
p1,68000
p2,68010
p3,68020
p4,68030
p5,68040
p6,68050
p7,68060
p8,68070
p9,68080
p10,68090
p11,68100
p12,68110
p13,68120
p14,68130
p15,68140
p16,68150
p17,68160
p18,68170
p19,68180
p20,68190
p21,68200
p22,68210
p23,68220
p24,68230
p25,68240
p26,68250
p27,68260
p28,68270
p29,68280
p30,68290
p31,68300
p32,68310
p33,68320
p34,68330
p35,68340
p36,68350
p37,68360
p38,68370
p39,68380
p40,68390
p41,68400
p42,68410
p43,68420
p44,68430
p45,68440
p46,68450
p47,68460
p48,68470
p49,68480
p50,68490
p51,68500
p52,68510
p53,68520
p54,68530
p55,68540
p56,68550
p57,68560
p58,68570
p59,68580
p60,68590
p61,68600
p62,68610
p63,68620
p64,68630
p65,68640
p66,68650
p67,68660
p68,68670
p69,68680
p70,68690
p71,68700
p72,68710
p73,68720
p74,68730
p75,68740
p76,68750
p77,68760
p78,68770
p79,68780
p80,68790
p81,68800
p82,68810
p83,68820
p84,68830
p85,68840
p86,68850
p87,68860
p88,68870
p89,68880
p90,68890
p91,68900
p92,68910
p93,68920
p94,68930
p95,68940
p96,68950
p97,68960
p98,68970
p99,68980
p100,68990
p1,69000
p2,69010
p3,69020
p4,69030
p5,69040
p6,69050
p7,69060
p8,69070
p9,69080
p10,69090
p11,69100
p12,69110
p13,69120
p14,69130
p15,69140
p16,69150
p17,69160
p18,69170
p19,69180
p20,69190
p21,69200
p22,69210
p23,69220
p24,69230
p25,69240
p26,69250
p27,69260
p28,69270
p29,69280
p30,69290
p31,69300
p32,69310
p33,69320
p34,69330
p35,69340
p36,69350
p37,69360
p38,69370
p39,69380
p40,69390
p41,69400
p42,69410
p43,69420
p44,69430
p45,69440
p46,69450
p47,69460
p48,69470
p49,69480
p50,69490
p51,69500
p52,69510
p53,69520
p54,69530
p55,69540
p56,69550
p57,69560
p58,69570
p59,69580
p60,69590
p61,69600
p62,69610
p63,69620
p64,69630
p65,69640
p66,69650
p67,69660
p68,69670
p69,69680
p70,69690
p71,69700
p72,69710
p73,69720
p74,69730
p75,69740
p76,69750
p77,69760
p78,69770
p79,69780
p80,69790
p81,69800
p82,69810
p83,69820
p84,69830
p85,69840
p86,69850
p87,69860
p88,69870
p89,69880
p90,69890
p91,69900
p92,69910
p93,69920
p94,69930
p95,69940
p96,69950
p97,69960
p98,69970
p99,69980
p100,69990
p1,70000
p2,70010
p3,70020
p4,70030
p5,70040
p6,70050
p7,70060
p8,70070
p9,70080
p10,70090
p11,70100
p12,70110
p13,70120
p14,70130
p15,70140
p16,70150
p17,70160
p18,70170
p19,70180
p20,70190
p21,70200
p22,70210
p23,70220
p24,70230
p25,70240
p26,70250
p27,70260
p28,70270
p29,70280
p30,70290
p31,70300
p32,70310
p33,70320
p34,70330
p35,70340
p36,70350
p37,70360
p38,70370
p39,70380
p40,70390
p41,70400
p42,70410
p43,70420
p44,70430
p45,70440
p46,70450
p47,70460
p48,70470
p49,70480
p50,70490
p51,70500
p52,70510
p53,70520
p54,70530
p55,70540
p56,70550
p57,70560
p58,70570
p59,70580
p60,70590
p61,70600
p62,70610
p63,70620
p64,70630
p65,70640
p66,70650
p67,70660
p68,70670
p69,70680
p70,70690
p71,70700
p72,70710
p73,70720
p74,70730
p75,70740
p76,70750
p77,70760
p78,70770
p79,70780
p80,70790
p81,70800
p82,70810
p83,70820
p84,70830
p85,70840
p86,70850
p87,70860
p88,70870
p89,70880
p90,70890
p91,70900
p92,70910
p93,70920
p94,70930
p95,70940
p96,70950
p97,70960
p98,70970
p99,70980
p100,70990
p1,71000
p2,71010
p3,71020
p4,71030
p5,71040
p6,71050
p7,71060
p8,71070
p9,71080
p10,71090
p11,71100
p12,71110
p13,71120
p14,71130
p15,71140
p16,71150
p17,71160
p18,71170
p19,71180
p20,71190
p21,71200
p22,71210
p23,71220
p24,71230
p25,71240
p26,71250
p27,71260
p28,71270
p29,71280
p30,71290
p31,71300
p32,71310
p33,71320
p34,71330
p35,71340
p36,71350
p37,71360
p38,71370
p39,71380
p40,71390
p41,71400
p42,71410
p43,71420
p44,71430
p45,71440
p46,71450
p47,71460
p48,71470
p49,71480
p50,71490
p51,71500
p52,71510
p53,71520
p54,71530
p55,71540
p56,71550
p57,71560
p58,71570
p59,71580
p60,71590
p61,71600
p62,71610
p63,71620
p64,71630
p65,71640
p66,71650
p67,71660
p68,71670
p69,71680
p70,71690
p71,71700
p72,71710
p73,71720
p74,71730
p75,71740
p76,71750
p77,71760
p78,71770
p79,71780
p80,71790
p81,71800
p82,71810
p83,71820
p84,71830
p85,71840
p86,71850
p87,71860
p88,71870
p89,71880
p90,71890
p91,71900
p92,71910
p93,71920
p94,71930
p95,71940
p96,71950
p97,71960
p98,71970
p99,71980
p100,71990
p1,72000
p2,72010
p3,72020
p4,72030
p5,72040
p6,72050
p7,72060
p8,72070
p9,72080
p10,72090
p11,72100
p12,72110
p13,72120
p14,72130
p15,72140
p16,72150
p17,72160
p18,72170
p19,72180
p20,72190
p21,72200
p22,72210
p23,72220
p24,72230
p25,72240
p26,72250
p27,72260
p28,72270
p29,72280
p30,72290
p31,72300
p32,72310
p33,72320
p34,72330
p35,72340
p36,72350
p37,72360
p38,72370
p39,72380
p40,72390
p41,72400
p42,72410
p43,72420
p44,72430
p45,72440
p46,72450
p47,72460
p48,72470
p49,72480
p50,72490
p51,72500
p52,72510
p53,72520
p54,72530
p55,72540
p56,72550
p57,72560
p58,72570
p59,72580
p60,72590
p61,72600
p62,72610
p63,72620
p64,72630
p65,72640
p66,72650
p67,72660
p68,72670
p69,72680
p70,72690
p71,72700
p72,72710
p73,72720
p74,72730
p75,72740
p76,72750
p77,72760
p78,72770
p79,72780
p80,72790
p81,72800
p82,72810
p83,72820
p84,72830
p85,72840
p86,72850
p87,72860
p88,72870
p89,72880
p90,72890
p91,72900
p92,72910
p93,72920
p94,72930
p95,72940
p96,72950
p97,72960
p98,72970
p99,72980
p100,72990
p1,73000
p2,73010
p3,73020
p4,73030
p5,73040
p6,73050
p7,73060
p8,73070
p9,73080
p10,73090
p11,73100
p12,73110
p13,73120
p14,73130
p15,73140
p16,73150
p17,73160
p18,73170
p19,73180
p20,73190
p21,73200
p22,73210
p23,73220
p24,73230
p25,73240
p26,73250
p27,73260
p28,73270
p29,73280
p30,73290
p31,73300
p32,73310
p33,73320
p34,73330
p35,73340
p36,73350
p37,73360
p38,73370
p39,73380
p40,73390
p41,73400
p42,73410
p43,73420
p44,73430
p45,73440
p46,73450
p47,73460
p48,73470
p49,73480
p50,73490
p51,73500
p52,73510
p53,73520
p54,73530
p55,73540
p56,73550
p57,73560
p58,73570
p59,73580
p60,73590
p61,73600
p62,73610
p63,73620
p64,73630
p65,73640
p66,73650
p67,73660
p68,73670
p69,73680
p70,73690
p71,73700
p72,73710
p73,73720
p74,73730
p75,73740
p76,73750
p77,73760
p78,73770
p79,73780
p80,73790
p81,73800
p82,73810
p83,73820
p84,73830
p85,73840
p86,73850
p87,73860
p88,73870
p89,73880
p90,73890
p91,73900
p92,73910
p93,73920
p94,73930
p95,73940
p96,73950
p97,73960
p98,73970
p99,73980
p100,73990
p1,74000
p2,74010
p3,74020
p4,74030
p5,74040
p6,74050
p7,74060
p8,74070
p9,74080
p10,74090
p11,74100
p12,74110
p13,74120
p14,74130
p15,74140
p16,74150
p17,74160
p18,74170
p19,74180
p20,74190
p21,74200
p22,74210
p23,74220
p24,74230
p25,74240
p26,74250
p27,74260
p28,74270
p29,74280
p30,74290
p31,74300
p32,74310
p33,74320
p34,74330
p35,74340
p36,74350
p37,74360
p38,74370
p39,74380
p40,74390
p41,74400
p42,74410
p43,74420
p44,74430
p45,74440
p46,74450
p47,74460
p48,74470
p49,74480
p50,74490
p51,74500
p52,74510
p53,74520
p54,74530
p55,74540
p56,74550
p57,74560
p58,74570
p59,74580
p60,74590
p61,74600
p62,74610
p63,74620
p64,74630
p65,74640
p66,74650
p67,74660
p68,74670
p69,74680
p70,74690
p71,74700
p72,74710
p73,74720
p74,74730
p75,74740
p76,74750
p77,74760
p78,74770
p79,74780
p80,74790
p81,74800
p82,74810
p83,74820
p84,74830
p85,74840
p86,74850
p87,74860
p88,74870
p89,74880
p90,74890
p91,74900
p92,74910
p93,74920
p94,74930
p95,74940
p96,74950
p97,74960
p98,74970
p99,74980
p100,74990
p1,75000
p2,75010
p3,75020
p4,75030
p5,75040
p6,75050
p7,75060
p8,75070
p9,75080
p10,75090
p11,75100
p12,75110
p13,75120
p14,75130
p15,75140
p16,75150
p17,75160
p18,75170
p19,75180
p20,75190
p21,75200
p22,75210
p23,75220
p24,75230
p25,75240
p26,75250
p27,75260
p28,75270
p29,75280
p30,75290
p31,75300
p32,75310
p33,75320
p34,75330
p35,75340
p36,75350
p37,75360
p38,75370
p39,75380
p40,75390
p41,75400
p42,75410
p43,75420
p44,75430
p45,75440
p46,75450
p47,75460
p48,75470
p49,75480
p50,75490
p51,75500
p52,75510
p53,75520
p54,75530
p55,75540
p56,75550
p57,75560
p58,75570
p59,75580
p60,75590
p61,75600
p62,75610
p63,75620
p64,75630
p65,75640
p66,75650
p67,75660
p68,75670
p69,75680
p70,75690
p71,75700
p72,75710
p73,75720
p74,75730
p75,75740
p76,75750
p77,75760
p78,75770
p79,75780
p80,75790
p81,75800
p82,75810
p83,75820
p84,75830
p85,75840
p86,75850
p87,75860
p88,75870
p89,75880
p90,75890
p91,75900
p92,75910
p93,75920
p94,75930
p95,75940
p96,75950
p97,75960
p98,75970
p99,75980
p100,75990
p1,76000
p2,76010
p3,76020
p4,76030
p5,76040
p6,76050
p7,76060
p8,76070
p9,76080
p10,76090
p11,76100
p12,76110
p13,76120
p14,76130
p15,76140
p16,76150
p17,76160
p18,76170
p19,76180
p20,76190
p21,76200
p22,76210
p23,76220
p24,76230
p25,76240
p26,76250
p27,76260
p28,76270
p29,76280
p30,76290
p31,76300
p32,76310
p33,76320
p34,76330
p35,76340
p36,76350
p37,76360
p38,76370
p39,76380
p40,76390
p41,76400
p42,76410
p43,76420
p44,76430
p45,76440
p46,76450
p47,76460
p48,76470
p49,76480
p50,76490
p51,76500
p52,76510
p53,76520
p54,76530
p55,76540
p56,76550
p57,76560
p58,76570
p59,76580
p60,76590
p61,76600
p62,76610
p63,76620
p64,76630
p65,76640
p66,76650
p67,76660
p68,76670
p69,76680
p70,76690
p71,76700
p72,76710
p73,76720
p74,76730
p75,76740
p76,76750
p77,76760
p78,76770
p79,76780
p80,76790
p81,76800
p82,76810
p83,76820
p84,76830
p85,76840
p86,76850
p87,76860
p88,76870
p89,76880
p90,76890
p91,76900
p92,76910
p93,76920
p94,76930
p95,76940
p96,76950
p97,76960
p98,76970
p99,76980
p100,76990
p1,77000
p2,77010
p3,77020
p4,77030
p5,77040
p6,77050
p7,77060
p8,77070
p9,77080
p10,77090
p11,77100
p12,77110
p13,77120
p14,77130
p15,77140
p16,77150
p17,77160
p18,77170
p19,77180
p20,77190
p21,77200
p22,77210
p23,77220
p24,77230
p25,77240
p26,77250
p27,77260
p28,77270
p29,77280
p30,77290
p31,77300
p32,77310
p33,77320
p34,77330
p35,77340
p36,77350
p37,77360
p38,77370
p39,77380
p40,77390
p41,77400
p42,77410
p43,77420
p44,77430
p45,77440
p46,77450
p47,77460
p48,77470
p49,77480
p50,77490
p51,77500
p52,77510
p53,77520
p54,77530
p55,77540
p56,77550
p57,77560
p58,77570
p59,77580
p60,77590
p61,77600
p62,77610
p63,77620
p64,77630
p65,77640
p66,77650
p67,77660
p68,77670
p69,77680
p70,77690
p71,77700
p72,77710
p73,77720
p74,77730
p75,77740
p76,77750
p77,77760
p78,77770
p79,77780
p80,77790
p81,77800
p82,77810
p83,77820
p84,77830
p85,77840
p86,77850
p87,77860
p88,77870
p89,77880
p90,77890
p91,77900
p92,77910
p93,77920
p94,77930
p95,77940
p96,77950
p97,77960
p98,77970
p99,77980
p100,77990
p1,78000
p2,78010
p3,78020
p4,78030
p5,78040
p6,78050
p7,78060
p8,78070
p9,78080
p10,78090
p11,78100
p12,78110
p13,78120
p14,78130
p15,78140
p16,78150
p17,78160
p18,78170
p19,78180
p20,78190
p21,78200
p22,78210
p23,78220
p24,78230
p25,78240
p26,78250
p27,78260
p28,78270
p29,78280
p30,78290
p31,78300
p32,78310
p33,78320
p34,78330
p35,78340
p36,78350
p37,78360
p38,78370
p39,78380
p40,78390
p41,78400
p42,78410
p43,78420
p44,78430
p45,78440
p46,78450
p47,78460
p48,78470
p49,78480
p50,78490
p51,78500
p52,78510
p53,78520
p54,78530
p55,78540
p56,78550
p57,78560
p58,78570
p59,78580
p60,78590
p61,78600
p62,78610
p63,78620
p64,78630
p65,78640
p66,78650
p67,78660
p68,78670
p69,78680
p70,78690
p71,78700
p72,78710
p73,78720
p74,78730
p75,78740
p76,78750
p77,78760
p78,78770
p79,78780
p80,78790
p81,78800
p82,78810
p83,78820
p84,78830
p85,78840
p86,78850
p87,78860
p88,78870
p89,78880
p90,78890
p91,78900
p92,78910
p93,78920
p94,78930
p95,78940
p96,78950
p97,78960
p98,78970
p99,78980
p100,78990
p1,79000
p2,79010
p3,79020
p4,79030
p5,79040
p6,79050
p7,79060
p8,79070
p9,79080
p10,79090
p11,79100
p12,79110
p13,79120
p14,79130
p15,79140
p16,79150
p17,79160
p18,79170
p19,79180
p20,79190
p21,79200
p22,79210
p23,79220
p24,79230
p25,79240
p26,79250
p27,79260
p28,79270
p29,79280
p30,79290
p31,79300
p32,79310
p33,79320
p34,79330
p35,79340
p36,79350
p37,79360
p38,79370
p39,79380
p40,79390
p41,79400
p42,79410
p43,79420
p44,79430
p45,79440
p46,79450
p47,79460
p48,79470
p49,79480
p50,79490
p51,79500
p52,79510
p53,79520
p54,79530
p55,79540
p56,79550
p57,79560
p58,79570
p59,79580
p60,79590
p61,79600
p62,79610
p63,79620
p64,79630
p65,79640
p66,79650
p67,79660
p68,79670
p69,79680
p70,79690
p71,79700
p72,79710
p73,79720
p74,79730
p75,79740
p76,79750
p77,79760
p78,79770
p79,79780
p80,79790
p81,79800
p82,79810
p83,79820
p84,79830
p85,79840
p86,79850
p87,79860
p88,79870
p89,79880
p90,79890
p91,79900
p92,79910
p93,79920
p94,79930
p95,79940
p96,79950
p97,79960
p98,79970
p99,79980
p100,79990
p1,80000
p2,80010
p3,80020
p4,80030
p5,80040
p6,80050
p7,80060
p8,80070
p9,80080
p10,80090
p11,80100
p12,80110
p13,80120
p14,80130
p15,80140
p16,80150
p17,80160
p18,80170
p19,80180
p20,80190
p21,80200
p22,80210
p23,80220
p24,80230
p25,80240
p26,80250
p27,80260
p28,80270
p29,80280
p30,80290
p31,80300
p32,80310
p33,80320
p34,80330
p35,80340
p36,80350
p37,80360
p38,80370
p39,80380
p40,80390
p41,80400
p42,80410
p43,80420
p44,80430
p45,80440
p46,80450
p47,80460
p48,80470
p49,80480
p50,80490
p51,80500
p52,80510
p53,80520
p54,80530
p55,80540
p56,80550
p57,80560
p58,80570
p59,80580
p60,80590
p61,80600
p62,80610
p63,80620
p64,80630
p65,80640
p66,80650
p67,80660
p68,80670
p69,80680
p70,80690
p71,80700
p72,80710
p73,80720
p74,80730
p75,80740
p76,80750
p77,80760
p78,80770
p79,80780
p80,80790
p81,80800
p82,80810
p83,80820
p84,80830
p85,80840
p86,80850
p87,80860
p88,80870
p89,80880
p90,80890
p91,80900
p92,80910
p93,80920
p94,80930
p95,80940
p96,80950
p97,80960
p98,80970
p99,80980
p100,80990
p1,81000
p2,81010
p3,81020
p4,81030
p5,81040
p6,81050
p7,81060
p8,81070
p9,81080
p10,81090
p11,81100
p12,81110
p13,81120
p14,81130
p15,81140
p16,81150
p17,81160
p18,81170
p19,81180
p20,81190
p21,81200
p22,81210
p23,81220
p24,81230
p25,81240
p26,81250
p27,81260
p28,81270
p29,81280
p30,81290
p31,81300
p32,81310
p33,81320
p34,81330
p35,81340
p36,81350
p37,81360
p38,81370
p39,81380
p40,81390
p41,81400
p42,81410
p43,81420
p44,81430
p45,81440
p46,81450
p47,81460
p48,81470
p49,81480
p50,81490
p51,81500
p52,81510
p53,81520
p54,81530
p55,81540
p56,81550
p57,81560
p58,81570
p59,81580
p60,81590
p61,81600
p62,81610
p63,81620
p64,81630
p65,81640
p66,81650
p67,81660
p68,81670
p69,81680
p70,81690
p71,81700
p72,81710
p73,81720
p74,81730
p75,81740
p76,81750
p77,81760
p78,81770
p79,81780
p80,81790
p81,81800
p82,81810
p83,81820
p84,81830
p85,81840
p86,81850
p87,81860
p88,81870
p89,81880
p90,81890
p91,81900
p92,81910
p93,81920
p94,81930
p95,81940
p96,81950
p97,81960
p98,81970
p99,81980
p100,81990
p1,82000
p2,82010
p3,82020
p4,82030
p5,82040
p6,82050
p7,82060
p8,82070
p9,82080
p10,82090
p11,82100
p12,82110
p13,82120
p14,82130
p15,82140
p16,82150
p17,82160
p18,82170
p19,82180
p20,82190
p21,82200
p22,82210
p23,82220
p24,82230
p25,82240
p26,82250
p27,82260
p28,82270
p29,82280
p30,82290
p31,82300
p32,82310
p33,82320
p34,82330
p35,82340
p36,82350
p37,82360
p38,82370
p39,82380
p40,82390
p41,82400
p42,82410
p43,82420
p44,82430
p45,82440
p46,82450
p47,82460
p48,82470
p49,82480
p50,82490
p51,82500
p52,82510
p53,82520
p54,82530
p55,82540
p56,82550
p57,82560
p58,82570
p59,82580
p60,82590
p61,82600
p62,82610
p63,82620
p64,82630
p65,82640
p66,82650
p67,82660
p68,82670
p69,82680
p70,82690
p71,82700
p72,82710
p73,82720
p74,82730
p75,82740
p76,82750
p77,82760
p78,82770
p79,82780
p80,82790
p81,82800
p82,82810
p83,82820
p84,82830
p85,82840
p86,82850
p87,82860
p88,82870
p89,82880
p90,82890
p91,82900
p92,82910
p93,82920
p94,82930
p95,82940
p96,82950
p97,82960
p98,82970
p99,82980
p100,82990
p1,83000
p2,83010
p3,83020
p4,83030
p5,83040
p6,83050
p7,83060
p8,83070
p9,83080
p10,83090
p11,83100
p12,83110
p13,83120
p14,83130
p15,83140
p16,83150
p17,83160
p18,83170
p19,83180
p20,83190
p21,83200
p22,83210
p23,83220
p24,83230
p25,83240
p26,83250
p27,83260
p28,83270
p29,83280
p30,83290
p31,83300
p32,83310
p33,83320
p34,83330
p35,83340
p36,83350
p37,83360
p38,83370
p39,83380
p40,83390
p41,83400
p42,83410
p43,83420
p44,83430
p45,83440
p46,83450
p47,83460
p48,83470
p49,83480
p50,83490
p51,83500
p52,83510
p53,83520
p54,83530
p55,83540
p56,83550
p57,83560
p58,83570
p59,83580
p60,83590
p61,83600
p62,83610
p63,83620
p64,83630
p65,83640
p66,83650
p67,83660
p68,83670
p69,83680
p70,83690
p71,83700
p72,83710
p73,83720
p74,83730
p75,83740
p76,83750
p77,83760
p78,83770
p79,83780
p80,83790
p81,83800
p82,83810
p83,83820
p84,83830
p85,83840
p86,83850
p87,83860
p88,83870
p89,83880
p90,83890
p91,83900
p92,83910
p93,83920
p94,83930
p95,83940
p96,83950
p97,83960
p98,83970
p99,83980
p100,83990
p1,84000
p2,84010
p3,84020
p4,84030
p5,84040
p6,84050
p7,84060
p8,84070
p9,84080
p10,84090
p11,84100
p12,84110
p13,84120
p14,84130
p15,84140
p16,84150
p17,84160
p18,84170
p19,84180
p20,84190
p21,84200
p22,84210
p23,84220
p24,84230
p25,84240
p26,84250
p27,84260
p28,84270
p29,84280
p30,84290
p31,84300
p32,84310
p33,84320
p34,84330
p35,84340
p36,84350
p37,84360
p38,84370
p39,84380
p40,84390
p41,84400
p42,84410
p43,84420
p44,84430
p45,84440
p46,84450
p47,84460
p48,84470
p49,84480
p50,84490
p51,84500
p52,84510
p53,84520
p54,84530
p55,84540
p56,84550
p57,84560
p58,84570
p59,84580
p60,84590
p61,84600
p62,84610
p63,84620
p64,84630
p65,84640
p66,84650
p67,84660
p68,84670
p69,84680
p70,84690
p71,84700
p72,84710
p73,84720
p74,84730
p75,84740
p76,84750
p77,84760
p78,84770
p79,84780
p80,84790
p81,84800
p82,84810
p83,84820
p84,84830
p85,84840
p86,84850
p87,84860
p88,84870
p89,84880
p90,84890
p91,84900
p92,84910
p93,84920
p94,84930
p95,84940
p96,84950
p97,84960
p98,84970
p99,84980
p100,84990
p1,85000
p2,85010
p3,85020
p4,85030
p5,85040
p6,85050
p7,85060
p8,85070
p9,85080
p10,85090
p11,85100
p12,85110
p13,85120
p14,85130
p15,85140
p16,85150
p17,85160
p18,85170
p19,85180
p20,85190
p21,85200
p22,85210
p23,85220
p24,85230
p25,85240
p26,85250
p27,85260
p28,85270
p29,85280
p30,85290
p31,85300
p32,85310
p33,85320
p34,85330
p35,85340
p36,85350
p37,85360
p38,85370
p39,85380
p40,85390
p41,85400
p42,85410
p43,85420
p44,85430
p45,85440
p46,85450
p47,85460
p48,85470
p49,85480
p50,85490
p51,85500
p52,85510
p53,85520
p54,85530
p55,85540
p56,85550
p57,85560
p58,85570
p59,85580
p60,85590
p61,85600
p62,85610
p63,85620
p64,85630
p65,85640
p66,85650
p67,85660
p68,85670
p69,85680
p70,85690
p71,85700
p72,85710
p73,85720
p74,85730
p75,85740
p76,85750
p77,85760
p78,85770
p79,85780
p80,85790
p81,85800
p82,85810
p83,85820
p84,85830
p85,85840
p86,85850
p87,85860
p88,85870
p89,85880
p90,85890
p91,85900
p92,85910
p93,85920
p94,85930
p95,85940
p96,85950
p97,85960
p98,85970
p99,85980
p100,85990
p1,86000
p2,86010
p3,86020
p4,86030
p5,86040
p6,86050
p7,86060
p8,86070
p9,86080
p10,86090
p11,86100
p12,86110
p13,86120
p14,86130
p15,86140
p16,86150
p17,86160
p18,86170
p19,86180
p20,86190
p21,86200
p22,86210
p23,86220
p24,86230
p25,86240
p26,86250
p27,86260
p28,86270
p29,86280
p30,86290
p31,86300
p32,86310
p33,86320
p34,86330
p35,86340
p36,86350
p37,86360
p38,86370
p39,86380
p40,86390
p41,86400
p42,86410
p43,86420
p44,86430
p45,86440
p46,86450
p47,86460
p48,86470
p49,86480
p50,86490
p51,86500
p52,86510
p53,86520
p54,86530
p55,86540
p56,86550
p57,86560
p58,86570
p59,86580
p60,86590
p61,86600
p62,86610
p63,86620
p64,86630
p65,86640
p66,86650
p67,86660
p68,86670
p69,86680
p70,86690
p71,86700
p72,86710
p73,86720
p74,86730
p75,86740
p76,86750
p77,86760
p78,86770
p79,86780
p80,86790
p81,86800
p82,86810
p83,86820
p84,86830
p85,86840
p86,86850
p87,86860
p88,86870
p89,86880
p90,86890
p91,86900
p92,86910
p93,86920
p94,86930
p95,86940
p96,86950
p97,86960
p98,86970
p99,86980
p100,86990
p1,87000
p2,87010
p3,87020
p4,87030
p5,87040
p6,87050
p7,87060
p8,87070
p9,87080
p10,87090
p11,87100
p12,87110
p13,87120
p14,87130
p15,87140
p16,87150
p17,87160
p18,87170
p19,87180
p20,87190
p21,87200
p22,87210
p23,87220
p24,87230
p25,87240
p26,87250
p27,87260
p28,87270
p29,87280
p30,87290
p31,87300
p32,87310
p33,87320
p34,87330
p35,87340
p36,87350
p37,87360
p38,87370
p39,87380
p40,87390
p41,87400
p42,87410
p43,87420
p44,87430
p45,87440
p46,87450
p47,87460
p48,87470
p49,87480
p50,87490
p51,87500
p52,87510
p53,87520
p54,87530
p55,87540
p56,87550
p57,87560
p58,87570
p59,87580
p60,87590
p61,87600
p62,87610
p63,87620
p64,87630
p65,87640
p66,87650
p67,87660
p68,87670
p69,87680
p70,87690
p71,87700
p72,87710
p73,87720
p74,87730
p75,87740
p76,87750
p77,87760
p78,87770
p79,87780
p80,87790
p81,87800
p82,87810
p83,87820
p84,87830
p85,87840
p86,87850
p87,87860
p88,87870
p89,87880
p90,87890
p91,87900
p92,87910
p93,87920
p94,87930
p95,87940
p96,87950
p97,87960
p98,87970
p99,87980
p100,87990
p1,88000
p2,88010
p3,88020
p4,88030
p5,88040
p6,88050
p7,88060
p8,88070
p9,88080
p10,88090
p11,88100
p12,88110
p13,88120
p14,88130
p15,88140
p16,88150
p17,88160
p18,88170
p19,88180
p20,88190
p21,88200
p22,88210
p23,88220
p24,88230
p25,88240
p26,88250
p27,88260
p28,88270
p29,88280
p30,88290
p31,88300
p32,88310
p33,88320
p34,88330
p35,88340
p36,88350
p37,88360
p38,88370
p39,88380
p40,88390
p41,88400
p42,88410
p43,88420
p44,88430
p45,88440
p46,88450
p47,88460
p48,88470
p49,88480
p50,88490
p51,88500
p52,88510
p53,88520
p54,88530
p55,88540
p56,88550
p57,88560
p58,88570
p59,88580
p60,88590
p61,88600
p62,88610
p63,88620
p64,88630
p65,88640
p66,88650
p67,88660
p68,88670
p69,88680
p70,88690
p71,88700
p72,88710
p73,88720
p74,88730
p75,88740
p76,88750
p77,88760
p78,88770
p79,88780
p80,88790
p81,88800
p82,88810
p83,88820
p84,88830
p85,88840
p86,88850
p87,88860
p88,88870
p89,88880
p90,88890
p91,88900
p92,88910
p93,88920
p94,88930
p95,88940
p96,88950
p97,88960
p98,88970
p99,88980
p100,88990
p1,89000
p2,89010
p3,89020
p4,89030
p5,89040
p6,89050
p7,89060
p8,89070
p9,89080
p10,89090
p11,89100
p12,89110
p13,89120
p14,89130
p15,89140
p16,89150
p17,89160
p18,89170
p19,89180
p20,89190
p21,89200
p22,89210
p23,89220
p24,89230
p25,89240
p26,89250
p27,89260
p28,89270
p29,89280
p30,89290
p31,89300
p32,89310
p33,89320
p34,89330
p35,89340
p36,89350
p37,89360
p38,89370
p39,89380
p40,89390
p41,89400
p42,89410
p43,89420
p44,89430
p45,89440
p46,89450
p47,89460
p48,89470
p49,89480
p50,89490
p51,89500
p52,89510
p53,89520
p54,89530
p55,89540
p56,89550
p57,89560
p58,89570
p59,89580
p60,89590
p61,89600
p62,89610
p63,89620
p64,89630
p65,89640
p66,89650
p67,89660
p68,89670
p69,89680
p70,89690
p71,89700
p72,89710
p73,89720
p74,89730
p75,89740
p76,89750
p77,89760
p78,89770
p79,89780
p80,89790
p81,89800
p82,89810
p83,89820
p84,89830
p85,89840
p86,89850
p87,89860
p88,89870
p89,89880
p90,89890
p91,89900
p92,89910
p93,89920
p94,89930
p95,89940
p96,89950
p97,89960
p98,89970
p99,89980
p100,89990
p1,90000
p2,90010
p3,90020
p4,90030
p5,90040
p6,90050
p7,90060
p8,90070
p9,90080
p10,90090
p11,90100
p12,90110
p13,90120
p14,90130
p15,90140
p16,90150
p17,90160
p18,90170
p19,90180
p20,90190
p21,90200
p22,90210
p23,90220
p24,90230
p25,90240
p26,90250
p27,90260
p28,90270
p29,90280
p30,90290
p31,90300
p32,90310
p33,90320
p34,90330
p35,90340
p36,90350
p37,90360
p38,90370
p39,90380
p40,90390
p41,90400
p42,90410
p43,90420
p44,90430
p45,90440
p46,90450
p47,90460
p48,90470
p49,90480
p50,90490
p51,90500
p52,90510
p53,90520
p54,90530
p55,90540
p56,90550
p57,90560
p58,90570
p59,90580
p60,90590
p61,90600
p62,90610
p63,90620
p64,90630
p65,90640
p66,90650
p67,90660
p68,90670
p69,90680
p70,90690
p71,90700
p72,90710
p73,90720
p74,90730
p75,90740
p76,90750
p77,90760
p78,90770
p79,90780
p80,90790
p81,90800
p82,90810
p83,90820
p84,90830
p85,90840
p86,90850
p87,90860
p88,90870
p89,90880
p90,90890
p91,90900
p92,90910
p93,90920
p94,90930
p95,90940
p96,90950
p97,90960
p98,90970
p99,90980
p100,90990
p1,91000
p2,91010
p3,91020
p4,91030
p5,91040
p6,91050
p7,91060
p8,91070
p9,91080
p10,91090
p11,91100
p12,91110
p13,91120
p14,91130
p15,91140
p16,91150
p17,91160
p18,91170
p19,91180
p20,91190
p21,91200
p22,91210
p23,91220
p24,91230
p25,91240
p26,91250
p27,91260
p28,91270
p29,91280
p30,91290
p31,91300
p32,91310
p33,91320
p34,91330
p35,91340
p36,91350
p37,91360
p38,91370
p39,91380
p40,91390
p41,91400
p42,91410
p43,91420
p44,91430
p45,91440
p46,91450
p47,91460
p48,91470
p49,91480
p50,91490
p51,91500
p52,91510
p53,91520
p54,91530
p55,91540
p56,91550
p57,91560
p58,91570
p59,91580
p60,91590
p61,91600
p62,91610
p63,91620
p64,91630
p65,91640
p66,91650
p67,91660
p68,91670
p69,91680
p70,91690
p71,91700
p72,91710
p73,91720
p74,91730
p75,91740
p76,91750
p77,91760
p78,91770
p79,91780
p80,91790
p81,91800
p82,91810
p83,91820
p84,91830
p85,91840
p86,91850
p87,91860
p88,91870
p89,91880
p90,91890
p91,91900
p92,91910
p93,91920
p94,91930
p95,91940
p96,91950
p97,91960
p98,91970
p99,91980
p100,91990
p1,92000
p2,92010
p3,92020
p4,92030
p5,92040
p6,92050
p7,92060
p8,92070
p9,92080
p10,92090
p11,92100
p12,92110
p13,92120
p14,92130
p15,92140
p16,92150
p17,92160
p18,92170
p19,92180
p20,92190
p21,92200
p22,92210
p23,92220
p24,92230
p25,92240
p26,92250
p27,92260
p28,92270
p29,92280
p30,92290
p31,92300
p32,92310
p33,92320
p34,92330
p35,92340
p36,92350
p37,92360
p38,92370
p39,92380
p40,92390
p41,92400
p42,92410
p43,92420
p44,92430
p45,92440
p46,92450
p47,92460
p48,92470
p49,92480
p50,92490
p51,92500
p52,92510
p53,92520
p54,92530
p55,92540
p56,92550
p57,92560
p58,92570
p59,92580
p60,92590
p61,92600
p62,92610
p63,92620
p64,92630
p65,92640
p66,92650
p67,92660
p68,92670
p69,92680
p70,92690
p71,92700
p72,92710
p73,92720
p74,92730
p75,92740
p76,92750
p77,92760
p78,92770
p79,92780
p80,92790
p81,92800
p82,92810
p83,92820
p84,92830
p85,92840
p86,92850
p87,92860
p88,92870
p89,92880
p90,92890
p91,92900
p92,92910
p93,92920
p94,92930
p95,92940
p96,92950
p97,92960
p98,92970
p99,92980
p100,92990
p1,93000
p2,93010
p3,93020
p4,93030
p5,93040
p6,93050
p7,93060
p8,93070
p9,93080
p10,93090
p11,93100
p12,93110
p13,93120
p14,93130
p15,93140
p16,93150
p17,93160
p18,93170
p19,93180
p20,93190
p21,93200
p22,93210
p23,93220
p24,93230
p25,93240
p26,93250
p27,93260
p28,93270
p29,93280
p30,93290
p31,93300
p32,93310
p33,93320
p34,93330
p35,93340
p36,93350
p37,93360
p38,93370
p39,93380
p40,93390
p41,93400
p42,93410
p43,93420
p44,93430
p45,93440
p46,93450
p47,93460
p48,93470
p49,93480
p50,93490
p51,93500
p52,93510
p53,93520
p54,93530
p55,93540
p56,93550
p57,93560
p58,93570
p59,93580
p60,93590
p61,93600
p62,93610
p63,93620
p64,93630
p65,93640
p66,93650
p67,93660
p68,93670
p69,93680
p70,93690
p71,93700
p72,93710
p73,93720
p74,93730
p75,93740
p76,93750
p77,93760
p78,93770
p79,93780
p80,93790
p81,93800
p82,93810
p83,93820
p84,93830
p85,93840
p86,93850
p87,93860
p88,93870
p89,93880
p90,93890
p91,93900
p92,93910
p93,93920
p94,93930
p95,93940
p96,93950
p97,93960
p98,93970
p99,93980
p100,93990
p1,94000
p2,94010
p3,94020
p4,94030
p5,94040
p6,94050
p7,94060
p8,94070
p9,94080
p10,94090
p11,94100
p12,94110
p13,94120
p14,94130
p15,94140
p16,94150
p17,94160
p18,94170
p19,94180
p20,94190
p21,94200
p22,94210
p23,94220
p24,94230
p25,94240
p26,94250
p27,94260
p28,94270
p29,94280
p30,94290
p31,94300
p32,94310
p33,94320
p34,94330
p35,94340
p36,94350
p37,94360
p38,94370
p39,94380
p40,94390
p41,94400
p42,94410
p43,94420
p44,94430
p45,94440
p46,94450
p47,94460
p48,94470
p49,94480
p50,94490
p51,94500
p52,94510
p53,94520
p54,94530
p55,94540
p56,94550
p57,94560
p58,94570
p59,94580
p60,94590
p61,94600
p62,94610
p63,94620
p64,94630
p65,94640
p66,94650
p67,94660
p68,94670
p69,94680
p70,94690
p71,94700
p72,94710
p73,94720
p74,94730
p75,94740
p76,94750
p77,94760
p78,94770
p79,94780
p80,94790
p81,94800
p82,94810
p83,94820
p84,94830
p85,94840
p86,94850
p87,94860
p88,94870
p89,94880
p90,94890
p91,94900
p92,94910
p93,94920
p94,94930
p95,94940
p96,94950
p97,94960
p98,94970
p99,94980
p100,94990
p1,95000
p2,95010
p3,95020
p4,95030
p5,95040
p6,95050
p7,95060
p8,95070
p9,95080
p10,95090
p11,95100
p12,95110
p13,95120
p14,95130
p15,95140
p16,95150
p17,95160
p18,95170
p19,95180
p20,95190
p21,95200
p22,95210
p23,95220
p24,95230
p25,95240
p26,95250
p27,95260
p28,95270
p29,95280
p30,95290
p31,95300
p32,95310
p33,95320
p34,95330
p35,95340
p36,95350
p37,95360
p38,95370
p39,95380
p40,95390
p41,95400
p42,95410
p43,95420
p44,95430
p45,95440
p46,95450
p47,95460
p48,95470
p49,95480
p50,95490
p51,95500
p52,95510
p53,95520
p54,95530
p55,95540
p56,95550
p57,95560
p58,95570
p59,95580
p60,95590
p61,95600
p62,95610
p63,95620
p64,95630
p65,95640
p66,95650
p67,95660
p68,95670
p69,95680
p70,95690
p71,95700
p72,95710
p73,95720
p74,95730
p75,95740
p76,95750
p77,95760
p78,95770
p79,95780
p80,95790
p81,95800
p82,95810
p83,95820
p84,95830
p85,95840
p86,95850
p87,95860
p88,95870
p89,95880
p90,95890
p91,95900
p92,95910
p93,95920
p94,95930
p95,95940
p96,95950
p97,95960
p98,95970
p99,95980
p100,95990
p1,96000
p2,96010
p3,96020
p4,96030
p5,96040
p6,96050
p7,96060
p8,96070
p9,96080
p10,96090
p11,96100
p12,96110
p13,96120
p14,96130
p15,96140
p16,96150
p17,96160
p18,96170
p19,96180
p20,96190
p21,96200
p22,96210
p23,96220
p24,96230
p25,96240
p26,96250
p27,96260
p28,96270
p29,96280
p30,96290
p31,96300
p32,96310
p33,96320
p34,96330
p35,96340
p36,96350
p37,96360
p38,96370
p39,96380
p40,96390
p41,96400
p42,96410
p43,96420
p44,96430
p45,96440
p46,96450
p47,96460
p48,96470
p49,96480
p50,96490
p51,96500
p52,96510
p53,96520
p54,96530
p55,96540
p56,96550
p57,96560
p58,96570
p59,96580
p60,96590
p61,96600
p62,96610
p63,96620
p64,96630
p65,96640
p66,96650
p67,96660
p68,96670
p69,96680
p70,96690
p71,96700
p72,96710
p73,96720
p74,96730
p75,96740
p76,96750
p77,96760
p78,96770
p79,96780
p80,96790
p81,96800
p82,96810
p83,96820
p84,96830
p85,96840
p86,96850
p87,96860
p88,96870
p89,96880
p90,96890
p91,96900
p92,96910
p93,96920
p94,96930
p95,96940
p96,96950
p97,96960
p98,96970
p99,96980
p100,96990
p1,97000
p2,97010
p3,97020
p4,97030
p5,97040
p6,97050
p7,97060
p8,97070
p9,97080
p10,97090
p11,97100
p12,97110
p13,97120
p14,97130
p15,97140
p16,97150
p17,97160
p18,97170
p19,97180
p20,97190
p21,97200
p22,97210
p23,97220
p24,97230
p25,97240
p26,97250
p27,97260
p28,97270
p29,97280
p30,97290
p31,97300
p32,97310
p33,97320
p34,97330
p35,97340
p36,97350
p37,97360
p38,97370
p39,97380
p40,97390
p41,97400
p42,97410
p43,97420
p44,97430
p45,97440
p46,97450
p47,97460
p48,97470
p49,97480
p50,97490
p51,97500
p52,97510
p53,97520
p54,97530
p55,97540
p56,97550
p57,97560
p58,97570
p59,97580
p60,97590
p61,97600
p62,97610
p63,97620
p64,97630
p65,97640
p66,97650
p67,97660
p68,97670
p69,97680
p70,97690
p71,97700
p72,97710
p73,97720
p74,97730
p75,97740
p76,97750
p77,97760
p78,97770
p79,97780
p80,97790
p81,97800
p82,97810
p83,97820
p84,97830
p85,97840
p86,97850
p87,97860
p88,97870
p89,97880
p90,97890
p91,97900
p92,97910
p93,97920
p94,97930
p95,97940
p96,97950
p97,97960
p98,97970
p99,97980
p100,97990
p1,98000
p2,98010
p3,98020
p4,98030
p5,98040
p6,98050
p7,98060
p8,98070
p9,98080
p10,98090
p11,98100
p12,98110
p13,98120
p14,98130
p15,98140
p16,98150
p17,98160
p18,98170
p19,98180
p20,98190
p21,98200
p22,98210
p23,98220
p24,98230
p25,98240
p26,98250
p27,98260
p28,98270
p29,98280
p30,98290
p31,98300
p32,98310
p33,98320
p34,98330
p35,98340
p36,98350
p37,98360
p38,98370
p39,98380
p40,98390
p41,98400
p42,98410
p43,98420
p44,98430
p45,98440
p46,98450
p47,98460
p48,98470
p49,98480
p50,98490
p51,98500
p52,98510
p53,98520
p54,98530
p55,98540
p56,98550
p57,98560
p58,98570
p59,98580
p60,98590
p61,98600
p62,98610
p63,98620
p64,98630
p65,98640
p66,98650
p67,98660
p68,98670
p69,98680
p70,98690
p71,98700
p72,98710
p73,98720
p74,98730
p75,98740
p76,98750
p77,98760
p78,98770
p79,98780
p80,98790
p81,98800
p82,98810
p83,98820
p84,98830
p85,98840
p86,98850
p87,98860
p88,98870
p89,98880
p90,98890
p91,98900
p92,98910
p93,98920
p94,98930
p95,98940
p96,98950
p97,98960
p98,98970
p99,98980
p100,98990
p1,99000
p2,99010
p3,99020
p4,99030
p5,99040
p6,99050
p7,99060
p8,99070
p9,99080
p10,99090
p11,99100
p12,99110
p13,99120
p14,99130
p15,99140
p16,99150
p17,99160
p18,99170
p19,99180
p20,99190
p21,99200
p22,99210
p23,99220
p24,99230
p25,99240
p26,99250
p27,99260
p28,99270
p29,99280
p30,99290
p31,99300
p32,99310
p33,99320
p34,99330
p35,99340
p36,99350
p37,99360
p38,99370
p39,99380
p40,99390
p41,99400
p42,99410
p43,99420
p44,99430
p45,99440
p46,99450
p47,99460
p48,99470
p49,99480
p50,99490
p51,99500
p52,99510
p53,99520
p54,99530
p55,99540
p56,99550
p57,99560
p58,99570
p59,99580
p60,99590
p61,99600
p62,99610
p63,99620
p64,99630
p65,99640
p66,99650
p67,99660
p68,99670
p69,99680
p70,99690
p71,99700
p72,99710
p73,99720
p74,99730
p75,99740
p76,99750
p77,99760
p78,99770
p79,99780
p80,99790
p81,99800
p82,99810
p83,99820
p84,99830
p85,99840
p86,99850
p87,99860
p88,99870
p89,99880
p90,99890
p91,99900
p92,99910
p93,99920
p94,99930
p95,99940
p96,99950
p97,99960
p98,99970
p99,99980
p100,99990
p1,100000
