a_id,amount
2,5
3,10
4,15
5,20
6,25
7,30
8,35
9,40
10,45
11,50
12,55
13,60
14,65
15,70
16,75
17,80
18,85
19,90
20,95
21,100
22,105
23,110
24,115
25,120
26,125
27,130
28,135
29,140
30,145
31,150
32,155
33,160
34,165
35,170
36,175
37,180
38,185
39,190
40,195
41,200
42,205
43,210
44,215
45,220
46,225
47,230
48,235
49,240
50,245
51,250
52,255
53,260
54,265
55,270
56,275
57,280
58,285
59,290
60,295
61,300
62,305
63,310
64,315
65,320
66,325
67,330
68,335
69,340
70,345
71,350
72,355
73,360
74,365
75,370
76,375
77,380
78,385
79,390
80,395
81,400
82,405
83,410
84,415
85,420
86,425
87,430
88,435
89,440
90,445
91,450
92,455
93,460
94,465
95,470
96,475
97,480
98,485
99,490
100,495
101,500
102,505
103,510
104,515
105,520
106,525
107,530
108,535
109,540
110,545
111,550
112,555
113,560
114,565
115,570
116,575
117,580
118,585
119,590
120,595
121,600
122,605
123,610
124,615
125,620
126,625
127,630
128,635
129,640
130,645
131,650
132,655
133,660
134,665
135,670
136,675
137,680
138,685
139,690
140,695
141,700
142,705
143,710
144,715
145,720
146,725
147,730
148,735
149,740
150,745
151,750
152,755
153,760
154,765
155,770
156,775
157,780
158,785
159,790
160,795
161,800
162,805
163,810
164,815
165,820
166,825
167,830
168,835
169,840
170,845
171,850
172,855
173,860
174,865
175,870
176,875
177,880
178,885
179,890
180,895
181,900
182,905
183,910
184,915
185,920
186,925
187,930
188,935
189,940
190,945
191,950
192,955
193,960
194,965
195,970
196,975
197,980
198,985
199,990
200,995
201,1000
202,1005
203,1010
204,1015
205,1020
206,1025
207,1030
208,1035
209,1040
210,1045
211,1050
212,1055
213,1060
214,1065
215,1070
216,1075
217,1080
218,1085
219,1090
220,1095
221,1100
222,1105
223,1110
224,1115
225,1120
226,1125
227,1130
228,1135
229,1140
230,1145
231,1150
232,1155
233,1160
234,1165
235,1170
236,1175
237,1180
238,1185
239,1190
240,1195
241,1200
242,1205
243,1210
244,1215
245,1220
246,1225
247,1230
248,1235
249,1240
250,1245
251,1250
252,1255
253,1260
254,1265
255,1270
256,1275
257,1280
258,1285
259,1290
260,1295
261,1300
262,1305
263,1310
264,1315
265,1320
266,1325
267,1330
268,1335
269,1340
270,1345
271,1350
272,1355
273,1360
274,1365
275,1370
276,1375
277,1380
278,1385
279,1390
280,1395
281,1400
282,1405
283,1410
284,1415
285,1420
286,1425
287,1430
288,1435
289,1440
290,1445
291,1450
292,1455
293,1460
294,1465
295,1470
296,1475
297,1480
298,1485
299,1490
300,1495
301,1500
302,1505
303,1510
304,1515
305,1520
306,1525
307,1530
308,1535
309,1540
310,1545
311,1550
312,1555
313,1560
314,1565
315,1570
316,1575
317,1580
318,1585
319,1590
320,1595
321,1600
322,1605
323,1610
324,1615
325,1620
326,1625
327,1630
328,1635
329,1640
330,1645
331,1650
332,1655
333,1660
334,1665
335,1670
336,1675
337,1680
338,1685
339,1690
340,1695
341,1700
342,1705
343,1710
344,1715
345,1720
346,1725
347,1730
348,1735
349,1740
350,1745
351,1750
352,1755
353,1760
354,1765
355,1770
356,1775
357,1780
358,1785
359,1790
360,1795
361,1800
362,1805
363,1810
364,1815
365,1820
366,1825
367,1830
368,1835
369,1840
370,1845
371,1850
372,1855
373,1860
374,1865
375,1870
376,1875
377,1880
378,1885
379,1890
380,1895
381,1900
382,1905
383,1910
384,1915
385,1920
386,1925
387,1930
388,1935
389,1940
390,1945
391,1950
392,1955
393,1960
394,1965
395,1970
396,1975
397,1980
398,1985
399,1990
400,1995
401,2000
402,2005
403,2010
404,2015
405,2020
406,2025
407,2030
408,2035
409,2040
410,2045
411,2050
412,2055
413,2060
414,2065
415,2070
416,2075
417,2080
418,2085
419,2090
420,2095
421,2100
422,2105
423,2110
424,2115
425,2120
426,2125
427,2130
428,2135
429,2140
430,2145
431,2150
432,2155
433,2160
434,2165
435,2170
436,2175
437,2180
438,2185
439,2190
440,2195
441,2200
442,2205
443,2210
444,2215
445,2220
446,2225
447,2230
448,2235
449,2240
450,2245
451,2250
452,2255
453,2260
454,2265
455,2270
456,2275
457,2280
458,2285
459,2290
460,2295
461,2300
462,2305
463,2310
464,2315
465,2320
466,2325
467,2330
468,2335
469,2340
470,2345
471,2350
472,2355
473,2360
474,2365
475,2370
476,2375
477,2380
478,2385
479,2390
480,2395
481,2400
482,2405
483,2410
484,2415
485,2420
486,2425
487,2430
488,2435
489,2440
490,2445
491,2450
492,2455
493,2460
494,2465
495,2470
496,2475
497,2480
498,2485
499,2490
500,2495
501,2500
502,2505
503,2510
504,2515
505,2520
506,2525
507,2530
508,2535
509,2540
510,2545
511,2550
512,2555
513,2560
514,2565
515,2570
516,2575
517,2580
518,2585
519,2590
520,2595
521,2600
522,2605
523,2610
524,2615
525,2620
526,2625
527,2630
528,2635
529,2640
530,2645
531,2650
532,2655
533,2660
534,2665
535,2670
536,2675
537,2680
538,2685
539,2690
540,2695
541,2700
542,2705
543,2710
544,2715
545,2720
546,2725
547,2730
548,2735
549,2740
550,2745
551,2750
552,2755
553,2760
554,2765
555,2770
556,2775
557,2780
558,2785
559,2790
560,2795
561,2800
562,2805
563,2810
564,2815
565,2820
566,2825
567,2830
568,2835
569,2840
570,2845
571,2850
572,2855
573,2860
574,2865
575,2870
576,2875
577,2880
578,2885
579,2890
580,2895
581,2900
582,2905
583,2910
584,2915
585,2920
586,2925
587,2930
588,2935
589,2940
590,2945
591,2950
592,2955
593,2960
594,2965
595,2970
596,2975
597,2980
598,2985
599,2990
600,2995
601,3000
602,3005
603,3010
604,3015
605,3020
606,3025
607,3030
608,3035
609,3040
610,3045
611,3050
612,3055
613,3060
614,3065
615,3070
616,3075
617,3080
618,3085
619,3090
620,3095
621,3100
622,3105
623,3110
624,3115
625,3120
626,3125
627,3130
628,3135
629,3140
630,3145
631,3150
632,3155
633,3160
634,3165
635,3170
636,3175
637,3180
638,3185
639,3190
640,3195
641,3200
642,3205
643,3210
644,3215
645,3220
646,3225
647,3230
648,3235
649,3240
650,3245
651,3250
652,3255
653,3260
654,3265
655,3270
656,3275
657,3280
658,3285
659,3290
660,3295
661,3300
662,3305
663,3310
664,3315
665,3320
666,3325
667,3330
668,3335
669,3340
670,3345
671,3350
672,3355
673,3360
674,3365
675,3370
676,3375
677,3380
678,3385
679,3390
680,3395
681,3400
682,3405
683,3410
684,3415
685,3420
686,3425
687,3430
688,3435
689,3440
690,3445
691,3450
692,3455
693,3460
694,3465
695,3470
696,3475
697,3480
698,3485
699,3490
700,3495
701,3500
702,3505
703,3510
704,3515
705,3520
706,3525
707,3530
708,3535
709,3540
710,3545
711,3550
712,3555
713,3560
714,3565
715,3570
716,3575
717,3580
718,3585
719,3590
720,3595
721,3600
722,3605
723,3610
724,3615
725,3620
726,3625
727,3630
728,3635
729,3640
730,3645
731,3650
732,3655
733,3660
734,3665
735,3670
736,3675
737,3680
738,3685
739,3690
740,3695
741,3700
742,3705
743,3710
744,3715
745,3720
746,3725
747,3730
748,3735
749,3740
750,3745
751,3750
752,3755
753,3760
754,3765
755,3770
756,3775
757,3780
758,3785
759,3790
760,3795
761,3800
762,3805
763,3810
764,3815
765,3820
766,3825
767,3830
768,3835
769,3840
770,3845
771,3850
772,3855
773,3860
774,3865
775,3870
776,3875
777,3880
778,3885
779,3890
780,3895
781,3900
782,3905
783,3910
784,3915
785,3920
786,3925
787,3930
788,3935
789,3940
790,3945
791,3950
792,3955
793,3960
794,3965
795,3970
796,3975
797,3980
798,3985
799,3990
800,3995
801,4000
802,4005
803,4010
804,4015
805,4020
806,4025
807,4030
808,4035
809,4040
810,4045
811,4050
812,4055
813,4060
814,4065
815,4070
816,4075
817,4080
818,4085
819,4090
820,4095
821,4100
822,4105
823,4110
824,4115
825,4120
826,4125
827,4130
828,4135
829,4140
830,4145
831,4150
832,4155
833,4160
834,4165
835,4170
836,4175
837,4180
838,4185
839,4190
840,4195
841,4200
842,4205
843,4210
844,4215
845,4220
846,4225
847,4230
848,4235
849,4240
850,4245
851,4250
852,4255
853,4260
854,4265
855,4270
856,4275
857,4280
858,4285
859,4290
860,4295
861,4300
862,4305
863,4310
864,4315
865,4320
866,4325
867,4330
868,4335
869,4340
870,4345
871,4350
872,4355
873,4360
874,4365
875,4370
876,4375
877,4380
878,4385
879,4390
880,4395
881,4400
882,4405
883,4410
884,4415
885,4420
886,4425
887,4430
888,4435
889,4440
890,4445
891,4450
892,4455
893,4460
894,4465
895,4470
896,4475
897,4480
898,4485
899,4490
900,4495
901,4500
902,4505
903,4510
904,4515
905,4520
906,4525
907,4530
908,4535
909,4540
910,4545
911,4550
912,4555
913,4560
914,4565
915,4570
916,4575
917,4580
918,4585
919,4590
920,4595
921,4600
922,4605
923,4610
924,4615
925,4620
926,4625
927,4630
928,4635
929,4640
930,4645
931,4650
932,4655
933,4660
934,4665
935,4670
936,4675
937,4680
938,4685
939,4690
940,4695
941,4700
942,4705
943,4710
944,4715
945,4720
946,4725
947,4730
948,4735
949,4740
950,4745
951,4750
952,4755
953,4760
954,4765
955,4770
956,4775
957,4780
958,4785
959,4790
960,4795
961,4800
962,4805
963,4810
964,4815
965,4820
966,4825
967,4830
968,4835
969,4840
970,4845
971,4850
972,4855
973,4860
974,4865
975,4870
976,4875
977,4880
978,4885
979,4890
980,4895
981,4900
982,4905
983,4910
984,4915
985,4920
986,4925
987,4930
988,4935
989,4940
990,4945
991,4950
992,4955
993,4960
994,4965
995,4970
996,4975
997,4980
998,4985
999,4990
1000,4995
1,5000
2,5005
3,5010
4,5015
5,5020
6,5025
7,5030
8,5035
9,5040
10,5045
11,5050
12,5055
13,5060
14,5065
15,5070
16,5075
17,5080
18,5085
19,5090
20,5095
21,5100
22,5105
23,5110
24,5115
25,5120
26,5125
27,5130
28,5135
29,5140
30,5145
31,5150
32,5155
33,5160
34,5165
35,5170
36,5175
37,5180
38,5185
39,5190
40,5195
41,5200
42,5205
43,5210
44,5215
45,5220
46,5225
47,5230
48,5235
49,5240
50,5245
51,5250
52,5255
53,5260
54,5265
55,5270
56,5275
57,5280
58,5285
59,5290
60,5295
61,5300
62,5305
63,5310
64,5315
65,5320
66,5325
67,5330
68,5335
69,5340
70,5345
71,5350
72,5355
73,5360
74,5365
75,5370
76,5375
77,5380
78,5385
79,5390
80,5395
81,5400
82,5405
83,5410
84,5415
85,5420
86,5425
87,5430
88,5435
89,5440
90,5445
91,5450
92,5455
93,5460
94,5465
95,5470
96,5475
97,5480
98,5485
99,5490
100,5495
101,5500
102,5505
103,5510
104,5515
105,5520
106,5525
107,5530
108,5535
109,5540
110,5545
111,5550
112,5555
113,5560
114,5565
115,5570
116,5575
117,5580
118,5585
119,5590
120,5595
121,5600
122,5605
123,5610
124,5615
125,5620
126,5625
127,5630
128,5635
129,5640
130,5645
131,5650
132,5655
133,5660
134,5665
135,5670
136,5675
137,5680
138,5685
139,5690
140,5695
141,5700
142,5705
143,5710
144,5715
145,5720
146,5725
147,5730
148,5735
149,5740
150,5745
151,5750
152,5755
153,5760
154,5765
155,5770
156,5775
157,5780
158,5785
159,5790
160,5795
161,5800
162,5805
163,5810
164,5815
165,5820
166,5825
167,5830
168,5835
169,5840
170,5845
171,5850
172,5855
173,5860
174,5865
175,5870
176,5875
177,5880
178,5885
179,5890
180,5895
181,5900
182,5905
183,5910
184,5915
185,5920
186,5925
187,5930
188,5935
189,5940
190,5945
191,5950
192,5955
193,5960
194,5965
195,5970
196,5975
197,5980
198,5985
199,5990
200,5995
201,6000
202,6005
203,6010
204,6015
205,6020
206,6025
207,6030
208,6035
209,6040
210,6045
211,6050
212,6055
213,6060
214,6065
215,6070
216,6075
217,6080
218,6085
219,6090
220,6095
221,6100
222,6105
223,6110
224,6115
225,6120
226,6125
227,6130
228,6135
229,6140
230,6145
231,6150
232,6155
233,6160
234,6165
235,6170
236,6175
237,6180
238,6185
239,6190
240,6195
241,6200
242,6205
243,6210
244,6215
245,6220
246,6225
247,6230
248,6235
249,6240
250,6245
251,6250
252,6255
253,6260
254,6265
255,6270
256,6275
257,6280
258,6285
259,6290
260,6295
261,6300
262,6305
263,6310
264,6315
265,6320
266,6325
267,6330
268,6335
269,6340
270,6345
271,6350
272,6355
273,6360
274,6365
275,6370
276,6375
277,6380
278,6385
279,6390
280,6395
281,6400
282,6405
283,6410
284,6415
285,6420
286,6425
287,6430
288,6435
289,6440
290,6445
291,6450
292,6455
293,6460
294,6465
295,6470
296,6475
297,6480
298,6485
299,6490
300,6495
301,6500
302,6505
303,6510
304,6515
305,6520
306,6525
307,6530
308,6535
309,6540
310,6545
311,6550
312,6555
313,6560
314,6565
315,6570
316,6575
317,6580
318,6585
319,6590
320,6595
321,6600
322,6605
323,6610
324,6615
325,6620
326,6625
327,6630
328,6635
329,6640
330,6645
331,6650
332,6655
333,6660
334,6665
335,6670
336,6675
337,6680
338,6685
339,6690
340,6695
341,6700
342,6705
343,6710
344,6715
345,6720
346,6725
347,6730
348,6735
349,6740
350,6745
351,6750
352,6755
353,6760
354,6765
355,6770
356,6775
357,6780
358,6785
359,6790
360,6795
361,6800
362,6805
363,6810
364,6815
365,6820
366,6825
367,6830
368,6835
369,6840
370,6845
371,6850
372,6855
373,6860
374,6865
375,6870
376,6875
377,6880
378,6885
379,6890
380,6895
381,6900
382,6905
383,6910
384,6915
385,6920
386,6925
387,6930
388,6935
389,6940
390,6945
391,6950
392,6955
393,6960
394,6965
395,6970
396,6975
397,6980
398,6985
399,6990
400,6995
401,7000
402,7005
403,7010
404,7015
405,7020
406,7025
407,7030
408,7035
409,7040
410,7045
411,7050
412,7055
413,7060
414,7065
415,7070
416,7075
417,7080
418,7085
419,7090
420,7095
421,7100
422,7105
423,7110
424,7115
425,7120
426,7125
427,7130
428,7135
429,7140
430,7145
431,7150
432,7155
433,7160
434,7165
435,7170
436,7175
437,7180
438,7185
439,7190
440,7195
441,7200
442,7205
443,7210
444,7215
445,7220
446,7225
447,7230
448,7235
449,7240
450,7245
451,7250
452,7255
453,7260
454,7265
455,7270
456,7275
457,7280
458,7285
459,7290
460,7295
461,7300
462,7305
463,7310
464,7315
465,7320
466,7325
467,7330
468,7335
469,7340
470,7345
471,7350
472,7355
473,7360
474,7365
475,7370
476,7375
477,7380
478,7385
479,7390
480,7395
481,7400
482,7405
483,7410
484,7415
485,7420
486,7425
487,7430
488,7435
489,7440
490,7445
491,7450
492,7455
493,7460
494,7465
495,7470
496,7475
497,7480
498,7485
499,7490
500,7495
501,7500
502,7505
503,7510
504,7515
505,7520
506,7525
507,7530
508,7535
509,7540
510,7545
511,7550
512,7555
513,7560
514,7565
515,7570
516,7575
517,7580
518,7585
519,7590
520,7595
521,7600
522,7605
523,7610
524,7615
525,7620
526,7625
527,7630
528,7635
529,7640
530,7645
531,7650
532,7655
533,7660
534,7665
535,7670
536,7675
537,7680
538,7685
539,7690
540,7695
541,7700
542,7705
543,7710
544,7715
545,7720
546,7725
547,7730
548,7735
549,7740
550,7745
551,7750
552,7755
553,7760
554,7765
555,7770
556,7775
557,7780
558,7785
559,7790
560,7795
561,7800
562,7805
563,7810
564,7815
565,7820
566,7825
567,7830
568,7835
569,7840
570,7845
571,7850
572,7855
573,7860
574,7865
575,7870
576,7875
577,7880
578,7885
579,7890
580,7895
581,7900
582,7905
583,7910
584,7915
585,7920
586,7925
587,7930
588,7935
589,7940
590,7945
591,7950
592,7955
593,7960
594,7965
595,7970
596,7975
597,7980
598,7985
599,7990
600,7995
601,8000
602,8005
603,8010
604,8015
605,8020
606,8025
607,8030
608,8035
609,8040
610,8045
611,8050
612,8055
613,8060
614,8065
615,8070
616,8075
617,8080
618,8085
619,8090
620,8095
621,8100
622,8105
623,8110
624,8115
625,8120
626,8125
627,8130
628,8135
629,8140
630,8145
631,8150
632,8155
633,8160
634,8165
635,8170
636,8175
637,8180
638,8185
639,8190
640,8195
641,8200
642,8205
643,8210
644,8215
645,8220
646,8225
647,8230
648,8235
649,8240
650,8245
651,8250
652,8255
653,8260
654,8265
655,8270
656,8275
657,8280
658,8285
659,8290
660,8295
661,8300
662,8305
663,8310
664,8315
665,8320
666,8325
667,8330
668,8335
669,8340
670,8345
671,8350
672,8355
673,8360
674,8365
675,8370
676,8375
677,8380
678,8385
679,8390
680,8395
681,8400
682,8405
683,8410
684,8415
685,8420
686,8425
687,8430
688,8435
689,8440
690,8445
691,8450
692,8455
693,8460
694,8465
695,8470
696,8475
697,8480
698,8485
699,8490
700,8495
701,8500
702,8505
703,8510
704,8515
705,8520
706,8525
707,8530
708,8535
709,8540
710,8545
711,8550
712,8555
713,8560
714,8565
715,8570
716,8575
717,8580
718,8585
719,8590
720,8595
721,8600
722,8605
723,8610
724,8615
725,8620
726,8625
727,8630
728,8635
729,8640
730,8645
731,8650
732,8655
733,8660
734,8665
735,8670
736,8675
737,8680
738,8685
739,8690
740,8695
741,8700
742,8705
743,8710
744,8715
745,8720
746,8725
747,8730
748,8735
749,8740
750,8745
751,8750
752,8755
753,8760
754,8765
755,8770
756,8775
757,8780
758,8785
759,8790
760,8795
761,8800
762,8805
763,8810
764,8815
765,8820
766,8825
767,8830
768,8835
769,8840
770,8845
771,8850
772,8855
773,8860
774,8865
775,8870
776,8875
777,8880
778,8885
779,8890
780,8895
781,8900
782,8905
783,8910
784,8915
785,8920
786,8925
787,8930
788,8935
789,8940
790,8945
791,8950
792,8955
793,8960
794,8965
795,8970
796,8975
797,8980
798,8985
799,8990
800,8995
801,9000
802,9005
803,9010
804,9015
805,9020
806,9025
807,9030
808,9035
809,9040
810,9045
811,9050
812,9055
813,9060
814,9065
815,9070
816,9075
817,9080
818,9085
819,9090
820,9095
821,9100
822,9105
823,9110
824,9115
825,9120
826,9125
827,9130
828,9135
829,9140
830,9145
831,9150
832,9155
833,9160
834,9165
835,9170
836,9175
837,9180
838,9185
839,9190
840,9195
841,9200
842,9205
843,9210
844,9215
845,9220
846,9225
847,9230
848,9235
849,9240
850,9245
851,9250
852,9255
853,9260
854,9265
855,9270
856,9275
857,9280
858,9285
859,9290
860,9295
861,9300
862,9305
863,9310
864,9315
865,9320
866,9325
867,9330
868,9335
869,9340
870,9345
871,9350
872,9355
873,9360
874,9365
875,9370
876,9375
877,9380
878,9385
879,9390
880,9395
881,9400
882,9405
883,9410
884,9415
885,9420
886,9425
887,9430
888,9435
889,9440
890,9445
891,9450
892,9455
893,9460
894,9465
895,9470
896,9475
897,9480
898,9485
899,9490
900,9495
901,9500
902,9505
903,9510
904,9515
905,9520
906,9525
907,9530
908,9535
909,9540
910,9545
911,9550
912,9555
913,9560
914,9565
915,9570
916,9575
917,9580
918,9585
919,9590
920,9595
921,9600
922,9605
923,9610
924,9615
925,9620
926,9625
927,9630
928,9635
929,9640
930,9645
931,9650
932,9655
933,9660
934,9665
935,9670
936,9675
937,9680
938,9685
939,9690
940,9695
941,9700
942,9705
943,9710
944,9715
945,9720
946,9725
947,9730
948,9735
949,9740
950,9745
951,9750
952,9755
953,9760
954,9765
955,9770
956,9775
957,9780
958,9785
959,9790
960,9795
961,9800
962,9805
963,9810
964,9815
965,9820
966,9825
967,9830
968,9835
969,9840
970,9845
971,9850
972,9855
973,9860
974,9865
975,9870
976,9875
977,9880
978,9885
979,9890
980,9895
981,9900
982,9905
983,9910
984,9915
985,9920
986,9925
987,9930
988,9935
989,9940
990,9945
991,9950
992,9955
993,9960
994,9965
995,9970
996,9975
997,9980
998,9985
999,9990
1000,9995
1,10000
2,10005
3,10010
4,10015
5,10020
6,10025
7,10030
8,10035
9,10040
10,10045
11,10050
12,10055
13,10060
14,10065
15,10070
16,10075
17,10080
18,10085
19,10090
20,10095
21,10100
22,10105
23,10110
24,10115
25,10120
26,10125
27,10130
28,10135
29,10140
30,10145
31,10150
32,10155
33,10160
34,10165
35,10170
36,10175
37,10180
38,10185
39,10190
40,10195
41,10200
42,10205
43,10210
44,10215
45,10220
46,10225
47,10230
48,10235
49,10240
50,10245
51,10250
52,10255
53,10260
54,10265
55,10270
56,10275
57,10280
58,10285
59,10290
60,10295
61,10300
62,10305
63,10310
64,10315
65,10320
66,10325
67,10330
68,10335
69,10340
70,10345
71,10350
72,10355
73,10360
74,10365
75,10370
76,10375
77,10380
78,10385
79,10390
80,10395
81,10400
82,10405
83,10410
84,10415
85,10420
86,10425
87,10430
88,10435
89,10440
90,10445
91,10450
92,10455
93,10460
94,10465
95,10470
96,10475
97,10480
98,10485
99,10490
100,10495
101,10500
102,10505
103,10510
104,10515
105,10520
106,10525
107,10530
108,10535
109,10540
110,10545
111,10550
112,10555
113,10560
114,10565
115,10570
116,10575
117,10580
118,10585
119,10590
120,10595
121,10600
122,10605
123,10610
124,10615
125,10620
126,10625
127,10630
128,10635
129,10640
130,10645
131,10650
132,10655
133,10660
134,10665
135,10670
136,10675
137,10680
138,10685
139,10690
140,10695
141,10700
142,10705
143,10710
144,10715
145,10720
146,10725
147,10730
148,10735
149,10740
150,10745
151,10750
152,10755
153,10760
154,10765
155,10770
156,10775
157,10780
158,10785
159,10790
160,10795
161,10800
162,10805
163,10810
164,10815
165,10820
166,10825
167,10830
168,10835
169,10840
170,10845
171,10850
172,10855
173,10860
174,10865
175,10870
176,10875
177,10880
178,10885
179,10890
180,10895
181,10900
182,10905
183,10910
184,10915
185,10920
186,10925
187,10930
188,10935
189,10940
190,10945
191,10950
192,10955
193,10960
194,10965
195,10970
196,10975
197,10980
198,10985
199,10990
200,10995
201,11000
202,11005
203,11010
204,11015
205,11020
206,11025
207,11030
208,11035
209,11040
210,11045
211,11050
212,11055
213,11060
214,11065
215,11070
216,11075
217,11080
218,11085
219,11090
220,11095
221,11100
222,11105
223,11110
224,11115
225,11120
226,11125
227,11130
228,11135
229,11140
230,11145
231,11150
232,11155
233,11160
234,11165
235,11170
236,11175
237,11180
238,11185
239,11190
240,11195
241,11200
242,11205
243,11210
244,11215
245,11220
246,11225
247,11230
248,11235
249,11240
250,11245
251,11250
252,11255
253,11260
254,11265
255,11270
256,11275
257,11280
258,11285
259,11290
260,11295
261,11300
262,11305
263,11310
264,11315
265,11320
266,11325
267,11330
268,11335
269,11340
270,11345
271,11350
272,11355
273,11360
274,11365
275,11370
276,11375
277,11380
278,11385
279,11390
280,11395
281,11400
282,11405
283,11410
284,11415
285,11420
286,11425
287,11430
288,11435
289,11440
290,11445
291,11450
292,11455
293,11460
294,11465
295,11470
296,11475
297,11480
298,11485
299,11490
300,11495
301,11500
302,11505
303,11510
304,11515
305,11520
306,11525
307,11530
308,11535
309,11540
310,11545
311,11550
312,11555
313,11560
314,11565
315,11570
316,11575
317,11580
318,11585
319,11590
320,11595
321,11600
322,11605
323,11610
324,11615
325,11620
326,11625
327,11630
328,11635
329,11640
330,11645
331,11650
332,11655
333,11660
334,11665
335,11670
336,11675
337,11680
338,11685
339,11690
340,11695
341,11700
342,11705
343,11710
344,11715
345,11720
346,11725
347,11730
348,11735
349,11740
350,11745
351,11750
352,11755
353,11760
354,11765
355,11770
356,11775
357,11780
358,11785
359,11790
360,11795
361,11800
362,11805
363,11810
364,11815
365,11820
366,11825
367,11830
368,11835
369,11840
370,11845
371,11850
372,11855
373,11860
374,11865
375,11870
376,11875
377,11880
378,11885
379,11890
380,11895
381,11900
382,11905
383,11910
384,11915
385,11920
386,11925
387,11930
388,11935
389,11940
390,11945
391,11950
392,11955
393,11960
394,11965
395,11970
396,11975
397,11980
398,11985
399,11990
400,11995
401,12000
402,12005
403,12010
404,12015
405,12020
406,12025
407,12030
408,12035
409,12040
410,12045
411,12050
412,12055
413,12060
414,12065
415,12070
416,12075
417,12080
418,12085
419,12090
420,12095
421,12100
422,12105
423,12110
424,12115
425,12120
426,12125
427,12130
428,12135
429,12140
430,12145
431,12150
432,12155
433,12160
434,12165
435,12170
436,12175
437,12180
438,12185
439,12190
440,12195
441,12200
442,12205
443,12210
444,12215
445,12220
446,12225
447,12230
448,12235
449,12240
450,12245
451,12250
452,12255
453,12260
454,12265
455,12270
456,12275
457,12280
458,12285
459,12290
460,12295
461,12300
462,12305
463,12310
464,12315
465,12320
466,12325
467,12330
468,12335
469,12340
470,12345
471,12350
472,12355
473,12360
474,12365
475,12370
476,12375
477,12380
478,12385
479,12390
480,12395
481,12400
482,12405
483,12410
484,12415
485,12420
486,12425
487,12430
488,12435
489,12440
490,12445
491,12450
492,12455
493,12460
494,12465
495,12470
496,12475
497,12480
498,12485
499,12490
500,12495
501,12500
502,12505
503,12510
504,12515
505,12520
506,12525
507,12530
508,12535
509,12540
510,12545
511,12550
512,12555
513,12560
514,12565
515,12570
516,12575
517,12580
518,12585
519,12590
520,12595
521,12600
522,12605
523,12610
524,12615
525,12620
526,12625
527,12630
528,12635
529,12640
530,12645
531,12650
532,12655
533,12660
534,12665
535,12670
536,12675
537,12680
538,12685
539,12690
540,12695
541,12700
542,12705
543,12710
544,12715
545,12720
546,12725
547,12730
548,12735
549,12740
550,12745
551,12750
552,12755
553,12760
554,12765
555,12770
556,12775
557,12780
558,12785
559,12790
560,12795
561,12800
562,12805
563,12810
564,12815
565,12820
566,12825
567,12830
568,12835
569,12840
570,12845
571,12850
572,12855
573,12860
574,12865
575,12870
576,12875
577,12880
578,12885
579,12890
580,12895
581,12900
582,12905
583,12910
584,12915
585,12920
586,12925
587,12930
588,12935
589,12940
590,12945
591,12950
592,12955
593,12960
594,12965
595,12970
596,12975
597,12980
598,12985
599,12990
600,12995
601,13000
602,13005
603,13010
604,13015
605,13020
606,13025
607,13030
608,13035
609,13040
610,13045
611,13050
612,13055
613,13060
614,13065
615,13070
616,13075
617,13080
618,13085
619,13090
620,13095
621,13100
622,13105
623,13110
624,13115
625,13120
626,13125
627,13130
628,13135
629,13140
630,13145
631,13150
632,13155
633,13160
634,13165
635,13170
636,13175
637,13180
638,13185
639,13190
640,13195
641,13200
642,13205
643,13210
644,13215
645,13220
646,13225
647,13230
648,13235
649,13240
650,13245
651,13250
652,13255
653,13260
654,13265
655,13270
656,13275
657,13280
658,13285
659,13290
660,13295
661,13300
662,13305
663,13310
664,13315
665,13320
666,13325
667,13330
668,13335
669,13340
670,13345
671,13350
672,13355
673,13360
674,13365
675,13370
676,13375
677,13380
678,13385
679,13390
680,13395
681,13400
682,13405
683,13410
684,13415
685,13420
686,13425
687,13430
688,13435
689,13440
690,13445
691,13450
692,13455
693,13460
694,13465
695,13470
696,13475
697,13480
698,13485
699,13490
700,13495
701,13500
702,13505
703,13510
704,13515
705,13520
706,13525
707,13530
708,13535
709,13540
710,13545
711,13550
712,13555
713,13560
714,13565
715,13570
716,13575
717,13580
718,13585
719,13590
720,13595
721,13600
722,13605
723,13610
724,13615
725,13620
726,13625
727,13630
728,13635
729,13640
730,13645
731,13650
732,13655
733,13660
734,13665
735,13670
736,13675
737,13680
738,13685
739,13690
740,13695
741,13700
742,13705
743,13710
744,13715
745,13720
746,13725
747,13730
748,13735
749,13740
750,13745
751,13750
752,13755
753,13760
754,13765
755,13770
756,13775
757,13780
758,13785
759,13790
760,13795
761,13800
762,13805
763,13810
764,13815
765,13820
766,13825
767,13830
768,13835
769,13840
770,13845
771,13850
772,13855
773,13860
774,13865
775,13870
776,13875
777,13880
778,13885
779,13890
780,13895
781,13900
782,13905
783,13910
784,13915
785,13920
786,13925
787,13930
788,13935
789,13940
790,13945
791,13950
792,13955
793,13960
794,13965
795,13970
796,13975
797,13980
798,13985
799,13990
800,13995
801,14000
802,14005
803,14010
804,14015
805,14020
806,14025
807,14030
808,14035
809,14040
810,14045
811,14050
812,14055
813,14060
814,14065
815,14070
816,14075
817,14080
818,14085
819,14090
820,14095
821,14100
822,14105
823,14110
824,14115
825,14120
826,14125
827,14130
828,14135
829,14140
830,14145
831,14150
832,14155
833,14160
834,14165
835,14170
836,14175
837,14180
838,14185
839,14190
840,14195
841,14200
842,14205
843,14210
844,14215
845,14220
846,14225
847,14230
848,14235
849,14240
850,14245
851,14250
852,14255
853,14260
854,14265
855,14270
856,14275
857,14280
858,14285
859,14290
860,14295
861,14300
862,14305
863,14310
864,14315
865,14320
866,14325
867,14330
868,14335
869,14340
870,14345
871,14350
872,14355
873,14360
874,14365
875,14370
876,14375
877,14380
878,14385
879,14390
880,14395
881,14400
882,14405
883,14410
884,14415
885,14420
886,14425
887,14430
888,14435
889,14440
890,14445
891,14450
892,14455
893,14460
894,14465
895,14470
896,14475
897,14480
898,14485
899,14490
900,14495
901,14500
902,14505
903,14510
904,14515
905,14520
906,14525
907,14530
908,14535
909,14540
910,14545
911,14550
912,14555
913,14560
914,14565
915,14570
916,14575
917,14580
918,14585
919,14590
920,14595
921,14600
922,14605
923,14610
924,14615
925,14620
926,14625
927,14630
928,14635
929,14640
930,14645
931,14650
932,14655
933,14660
934,14665
935,14670
936,14675
937,14680
938,14685
939,14690
940,14695
941,14700
942,14705
943,14710
944,14715
945,14720
946,14725
947,14730
948,14735
949,14740
950,14745
951,14750
952,14755
953,14760
954,14765
955,14770
956,14775
957,14780
958,14785
959,14790
960,14795
961,14800
962,14805
963,14810
964,14815
965,14820
966,14825
967,14830
968,14835
969,14840
970,14845
971,14850
972,14855
973,14860
974,14865
975,14870
976,14875
977,14880
978,14885
979,14890
980,14895
981,14900
982,14905
983,14910
984,14915
985,14920
986,14925
987,14930
988,14935
989,14940
990,14945
991,14950
992,14955
993,14960
994,14965
995,14970
996,14975
997,14980
998,14985
999,14990
1000,14995
1,15000
2,15005
3,15010
4,15015
5,15020
6,15025
7,15030
8,15035
9,15040
10,15045
11,15050
12,15055
13,15060
14,15065
15,15070
16,15075
17,15080
18,15085
19,15090
20,15095
21,15100
22,15105
23,15110
24,15115
25,15120
26,15125
27,15130
28,15135
29,15140
30,15145
31,15150
32,15155
33,15160
34,15165
35,15170
36,15175
37,15180
38,15185
39,15190
40,15195
41,15200
42,15205
43,15210
44,15215
45,15220
46,15225
47,15230
48,15235
49,15240
50,15245
51,15250
52,15255
53,15260
54,15265
55,15270
56,15275
57,15280
58,15285
59,15290
60,15295
61,15300
62,15305
63,15310
64,15315
65,15320
66,15325
67,15330
68,15335
69,15340
70,15345
71,15350
72,15355
73,15360
74,15365
75,15370
76,15375
77,15380
78,15385
79,15390
80,15395
81,15400
82,15405
83,15410
84,15415
85,15420
86,15425
87,15430
88,15435
89,15440
90,15445
91,15450
92,15455
93,15460
94,15465
95,15470
96,15475
97,15480
98,15485
99,15490
100,15495
101,15500
102,15505
103,15510
104,15515
105,15520
106,15525
107,15530
108,15535
109,15540
110,15545
111,15550
112,15555
113,15560
114,15565
115,15570
116,15575
117,15580
118,15585
119,15590
120,15595
121,15600
122,15605
123,15610
124,15615
125,15620
126,15625
127,15630
128,15635
129,15640
130,15645
131,15650
132,15655
133,15660
134,15665
135,15670
136,15675
137,15680
138,15685
139,15690
140,15695
141,15700
142,15705
143,15710
144,15715
145,15720
146,15725
147,15730
148,15735
149,15740
150,15745
151,15750
152,15755
153,15760
154,15765
155,15770
156,15775
157,15780
158,15785
159,15790
160,15795
161,15800
162,15805
163,15810
164,15815
165,15820
166,15825
167,15830
168,15835
169,15840
170,15845
171,15850
172,15855
173,15860
174,15865
175,15870
176,15875
177,15880
178,15885
179,15890
180,15895
181,15900
182,15905
183,15910
184,15915
185,15920
186,15925
187,15930
188,15935
189,15940
190,15945
191,15950
192,15955
193,15960
194,15965
195,15970
196,15975
197,15980
198,15985
199,15990
200,15995
201,16000
202,16005
203,16010
204,16015
205,16020
206,16025
207,16030
208,16035
209,16040
210,16045
211,16050
212,16055
213,16060
214,16065
215,16070
216,16075
217,16080
218,16085
219,16090
220,16095
221,16100
222,16105
223,16110
224,16115
225,16120
226,16125
227,16130
228,16135
229,16140
230,16145
231,16150
232,16155
233,16160
234,16165
235,16170
236,16175
237,16180
238,16185
239,16190
240,16195
241,16200
242,16205
243,16210
244,16215
245,16220
246,16225
247,16230
248,16235
249,16240
250,16245
251,16250
252,16255
253,16260
254,16265
255,16270
256,16275
257,16280
258,16285
259,16290
260,16295
261,16300
262,16305
263,16310
264,16315
265,16320
266,16325
267,16330
268,16335
269,16340
270,16345
271,16350
272,16355
273,16360
274,16365
275,16370
276,16375
277,16380
278,16385
279,16390
280,16395
281,16400
282,16405
283,16410
284,16415
285,16420
286,16425
287,16430
288,16435
289,16440
290,16445
291,16450
292,16455
293,16460
294,16465
295,16470
296,16475
297,16480
298,16485
299,16490
300,16495
301,16500
302,16505
303,16510
304,16515
305,16520
306,16525
307,16530
308,16535
309,16540
310,16545
311,16550
312,16555
313,16560
314,16565
315,16570
316,16575
317,16580
318,16585
319,16590
320,16595
321,16600
322,16605
323,16610
324,16615
325,16620
326,16625
327,16630
328,16635
329,16640
330,16645
331,16650
332,16655
333,16660
334,16665
335,16670
336,16675
337,16680
338,16685
339,16690
340,16695
341,16700
342,16705
343,16710
344,16715
345,16720
346,16725
347,16730
348,16735
349,16740
350,16745
351,16750
352,16755
353,16760
354,16765
355,16770
356,16775
357,16780
358,16785
359,16790
360,16795
361,16800
362,16805
363,16810
364,16815
365,16820
366,16825
367,16830
368,16835
369,16840
370,16845
371,16850
372,16855
373,16860
374,16865
375,16870
376,16875
377,16880
378,16885
379,16890
380,16895
381,16900
382,16905
383,16910
384,16915
385,16920
386,16925
387,16930
388,16935
389,16940
390,16945
391,16950
392,16955
393,16960
394,16965
395,16970
396,16975
397,16980
398,16985
399,16990
400,16995
401,17000
402,17005
403,17010
404,17015
405,17020
406,17025
407,17030
408,17035
409,17040
410,17045
411,17050
412,17055
413,17060
414,17065
415,17070
416,17075
417,17080
418,17085
419,17090
420,17095
421,17100
422,17105
423,17110
424,17115
425,17120
426,17125
427,17130
428,17135
429,17140
430,17145
431,17150
432,17155
433,17160
434,17165
435,17170
436,17175
437,17180
438,17185
439,17190
440,17195
441,17200
442,17205
443,17210
444,17215
445,17220
446,17225
447,17230
448,17235
449,17240
450,17245
451,17250
452,17255
453,17260
454,17265
455,17270
456,17275
457,17280
458,17285
459,17290
460,17295
461,17300
462,17305
463,17310
464,17315
465,17320
466,17325
467,17330
468,17335
469,17340
470,17345
471,17350
472,17355
473,17360
474,17365
475,17370
476,17375
477,17380
478,17385
479,17390
480,17395
481,17400
482,17405
483,17410
484,17415
485,17420
486,17425
487,17430
488,17435
489,17440
490,17445
491,17450
492,17455
493,17460
494,17465
495,17470
496,17475
497,17480
498,17485
499,17490
500,17495
501,17500
502,17505
503,17510
504,17515
505,17520
506,17525
507,17530
508,17535
509,17540
510,17545
511,17550
512,17555
513,17560
514,17565
515,17570
516,17575
517,17580
518,17585
519,17590
520,17595
521,17600
522,17605
523,17610
524,17615
525,17620
526,17625
527,17630
528,17635
529,17640
530,17645
531,17650
532,17655
533,17660
534,17665
535,17670
536,17675
537,17680
538,17685
539,17690
540,17695
541,17700
542,17705
543,17710
544,17715
545,17720
546,17725
547,17730
548,17735
549,17740
550,17745
551,17750
552,17755
553,17760
554,17765
555,17770
556,17775
557,17780
558,17785
559,17790
560,17795
561,17800
562,17805
563,17810
564,17815
565,17820
566,17825
567,17830
568,17835
569,17840
570,17845
571,17850
572,17855
573,17860
574,17865
575,17870
576,17875
577,17880
578,17885
579,17890
580,17895
581,17900
582,17905
583,17910
584,17915
585,17920
586,17925
587,17930
588,17935
589,17940
590,17945
591,17950
592,17955
593,17960
594,17965
595,17970
596,17975
597,17980
598,17985
599,17990
600,17995
601,18000
602,18005
603,18010
604,18015
605,18020
606,18025
607,18030
608,18035
609,18040
610,18045
611,18050
612,18055
613,18060
614,18065
615,18070
616,18075
617,18080
618,18085
619,18090
620,18095
621,18100
622,18105
623,18110
624,18115
625,18120
626,18125
627,18130
628,18135
629,18140
630,18145
631,18150
632,18155
633,18160
634,18165
635,18170
636,18175
637,18180
638,18185
639,18190
640,18195
641,18200
642,18205
643,18210
644,18215
645,18220
646,18225
647,18230
648,18235
649,18240
650,18245
651,18250
652,18255
653,18260
654,18265
655,18270
656,18275
657,18280
658,18285
659,18290
660,18295
661,18300
662,18305
663,18310
664,18315
665,18320
666,18325
667,18330
668,18335
669,18340
670,18345
671,18350
672,18355
673,18360
674,18365
675,18370
676,18375
677,18380
678,18385
679,18390
680,18395
681,18400
682,18405
683,18410
684,18415
685,18420
686,18425
687,18430
688,18435
689,18440
690,18445
691,18450
692,18455
693,18460
694,18465
695,18470
696,18475
697,18480
698,18485
699,18490
700,18495
701,18500
702,18505
703,18510
704,18515
705,18520
706,18525
707,18530
708,18535
709,18540
710,18545
711,18550
712,18555
713,18560
714,18565
715,18570
716,18575
717,18580
718,18585
719,18590
720,18595
721,18600
722,18605
723,18610
724,18615
725,18620
726,18625
727,18630
728,18635
729,18640
730,18645
731,18650
732,18655
733,18660
734,18665
735,18670
736,18675
737,18680
738,18685
739,18690
740,18695
741,18700
742,18705
743,18710
744,18715
745,18720
746,18725
747,18730
748,18735
749,18740
750,18745
751,18750
752,18755
753,18760
754,18765
755,18770
756,18775
757,18780
758,18785
759,18790
760,18795
761,18800
762,18805
763,18810
764,18815
765,18820
766,18825
767,18830
768,18835
769,18840
770,18845
771,18850
772,18855
773,18860
774,18865
775,18870
776,18875
777,18880
778,18885
779,18890
780,18895
781,18900
782,18905
783,18910
784,18915
785,18920
786,18925
787,18930
788,18935
789,18940
790,18945
791,18950
792,18955
793,18960
794,18965
795,18970
796,18975
797,18980
798,18985
799,18990
800,18995
801,19000
802,19005
803,19010
804,19015
805,19020
806,19025
807,19030
808,19035
809,19040
810,19045
811,19050
812,19055
813,19060
814,19065
815,19070
816,19075
817,19080
818,19085
819,19090
820,19095
821,19100
822,19105
823,19110
824,19115
825,19120
826,19125
827,19130
828,19135
829,19140
830,19145
831,19150
832,19155
833,19160
834,19165
835,19170
836,19175
837,19180
838,19185
839,19190
840,19195
841,19200
842,19205
843,19210
844,19215
845,19220
846,19225
847,19230
848,19235
849,19240
850,19245
851,19250
852,19255
853,19260
854,19265
855,19270
856,19275
857,19280
858,19285
859,19290
860,19295
861,19300
862,19305
863,19310
864,19315
865,19320
866,19325
867,19330
868,19335
869,19340
870,19345
871,19350
872,19355
873,19360
874,19365
875,19370
876,19375
877,19380
878,19385
879,19390
880,19395
881,19400
882,19405
883,19410
884,19415
885,19420
886,19425
887,19430
888,19435
889,19440
890,19445
891,19450
892,19455
893,19460
894,19465
895,19470
896,19475
897,19480
898,19485
899,19490
900,19495
901,19500
902,19505
903,19510
904,19515
905,19520
906,19525
907,19530
908,19535
909,19540
910,19545
911,19550
912,19555
913,19560
914,19565
915,19570
916,19575
917,19580
918,19585
919,19590
920,19595
921,19600
922,19605
923,19610
924,19615
925,19620
926,19625
927,19630
928,19635
929,19640
930,19645
931,19650
932,19655
933,19660
934,19665
935,19670
936,19675
937,19680
938,19685
939,19690
940,19695
941,19700
942,19705
943,19710
944,19715
945,19720
946,19725
947,19730
948,19735
949,19740
950,19745
951,19750
952,19755
953,19760
954,19765
955,19770
956,19775
957,19780
958,19785
959,19790
960,19795
961,19800
962,19805
963,19810
964,19815
965,19820
966,19825
967,19830
968,19835
969,19840
970,19845
971,19850
972,19855
973,19860
974,19865
975,19870
976,19875
977,19880
978,19885
979,19890
980,19895
981,19900
982,19905
983,19910
984,19915
985,19920
986,19925
987,19930
988,19935
989,19940
990,19945
991,19950
992,19955
993,19960
994,19965
995,19970
996,19975
997,19980
998,19985
999,19990
1000,19995
1,20000
2,20005
3,20010
4,20015
5,20020
6,20025
7,20030
8,20035
9,20040
10,20045
11,20050
12,20055
13,20060
14,20065
15,20070
16,20075
17,20080
18,20085
19,20090
20,20095
21,20100
22,20105
23,20110
24,20115
25,20120
26,20125
27,20130
28,20135
29,20140
30,20145
31,20150
32,20155
33,20160
34,20165
35,20170
36,20175
37,20180
38,20185
39,20190
40,20195
41,20200
42,20205
43,20210
44,20215
45,20220
46,20225
47,20230
48,20235
49,20240
50,20245
51,20250
52,20255
53,20260
54,20265
55,20270
56,20275
57,20280
58,20285
59,20290
60,20295
61,20300
62,20305
63,20310
64,20315
65,20320
66,20325
67,20330
68,20335
69,20340
70,20345
71,20350
72,20355
73,20360
74,20365
75,20370
76,20375
77,20380
78,20385
79,20390
80,20395
81,20400
82,20405
83,20410
84,20415
85,20420
86,20425
87,20430
88,20435
89,20440
90,20445
91,20450
92,20455
93,20460
94,20465
95,20470
96,20475
97,20480
98,20485
99,20490
100,20495
101,20500
102,20505
103,20510
104,20515
105,20520
106,20525
107,20530
108,20535
109,20540
110,20545
111,20550
112,20555
113,20560
114,20565
115,20570
116,20575
117,20580
118,20585
119,20590
120,20595
121,20600
122,20605
123,20610
124,20615
125,20620
126,20625
127,20630
128,20635
129,20640
130,20645
131,20650
132,20655
133,20660
134,20665
135,20670
136,20675
137,20680
138,20685
139,20690
140,20695
141,20700
142,20705
143,20710
144,20715
145,20720
146,20725
147,20730
148,20735
149,20740
150,20745
151,20750
152,20755
153,20760
154,20765
155,20770
156,20775
157,20780
158,20785
159,20790
160,20795
161,20800
162,20805
163,20810
164,20815
165,20820
166,20825
167,20830
168,20835
169,20840
170,20845
171,20850
172,20855
173,20860
174,20865
175,20870
176,20875
177,20880
178,20885
179,20890
180,20895
181,20900
182,20905
183,20910
184,20915
185,20920
186,20925
187,20930
188,20935
189,20940
190,20945
191,20950
192,20955
193,20960
194,20965
195,20970
196,20975
197,20980
198,20985
199,20990
200,20995
201,21000
202,21005
203,21010
204,21015
205,21020
206,21025
207,21030
208,21035
209,21040
210,21045
211,21050
212,21055
213,21060
214,21065
215,21070
216,21075
217,21080
218,21085
219,21090
220,21095
221,21100
222,21105
223,21110
224,21115
225,21120
226,21125
227,21130
228,21135
229,21140
230,21145
231,21150
232,21155
233,21160
234,21165
235,21170
236,21175
237,21180
238,21185
239,21190
240,21195
241,21200
242,21205
243,21210
244,21215
245,21220
246,21225
247,21230
248,21235
249,21240
250,21245
251,21250
252,21255
253,21260
254,21265
255,21270
256,21275
257,21280
258,21285
259,21290
260,21295
261,21300
262,21305
263,21310
264,21315
265,21320
266,21325
267,21330
268,21335
269,21340
270,21345
271,21350
272,21355
273,21360
274,21365
275,21370
276,21375
277,21380
278,21385
279,21390
280,21395
281,21400
282,21405
283,21410
284,21415
285,21420
286,21425
287,21430
288,21435
289,21440
290,21445
291,21450
292,21455
293,21460
294,21465
295,21470
296,21475
297,21480
298,21485
299,21490
300,21495
301,21500
302,21505
303,21510
304,21515
305,21520
306,21525
307,21530
308,21535
309,21540
310,21545
311,21550
312,21555
313,21560
314,21565
315,21570
316,21575
317,21580
318,21585
319,21590
320,21595
321,21600
322,21605
323,21610
324,21615
325,21620
326,21625
327,21630
328,21635
329,21640
330,21645
331,21650
332,21655
333,21660
334,21665
335,21670
336,21675
337,21680
338,21685
339,21690
340,21695
341,21700
342,21705
343,21710
344,21715
345,21720
346,21725
347,21730
348,21735
349,21740
350,21745
351,21750
352,21755
353,21760
354,21765
355,21770
356,21775
357,21780
358,21785
359,21790
360,21795
361,21800
362,21805
363,21810
364,21815
365,21820
366,21825
367,21830
368,21835
369,21840
370,21845
371,21850
372,21855
373,21860
374,21865
375,21870
376,21875
377,21880
378,21885
379,21890
380,21895
381,21900
382,21905
383,21910
384,21915
385,21920
386,21925
387,21930
388,21935
389,21940
390,21945
391,21950
392,21955
393,21960
394,21965
395,21970
396,21975
397,21980
398,21985
399,21990
400,21995
401,22000
402,22005
403,22010
404,22015
405,22020
406,22025
407,22030
408,22035
409,22040
410,22045
411,22050
412,22055
413,22060
414,22065
415,22070
416,22075
417,22080
418,22085
419,22090
420,22095
421,22100
422,22105
423,22110
424,22115
425,22120
426,22125
427,22130
428,22135
429,22140
430,22145
431,22150
432,22155
433,22160
434,22165
435,22170
436,22175
437,22180
438,22185
439,22190
440,22195
441,22200
442,22205
443,22210
444,22215
445,22220
446,22225
447,22230
448,22235
449,22240
450,22245
451,22250
452,22255
453,22260
454,22265
455,22270
456,22275
457,22280
458,22285
459,22290
460,22295
461,22300
462,22305
463,22310
464,22315
465,22320
466,22325
467,22330
468,22335
469,22340
470,22345
471,22350
472,22355
473,22360
474,22365
475,22370
476,22375
477,22380
478,22385
479,22390
480,22395
481,22400
482,22405
483,22410
484,22415
485,22420
486,22425
487,22430
488,22435
489,22440
490,22445
491,22450
492,22455
493,22460
494,22465
495,22470
496,22475
497,22480
498,22485
499,22490
500,22495
501,22500
502,22505
503,22510
504,22515
505,22520
506,22525
507,22530
508,22535
509,22540
510,22545
511,22550
512,22555
513,22560
514,22565
515,22570
516,22575
517,22580
518,22585
519,22590
520,22595
521,22600
522,22605
523,22610
524,22615
525,22620
526,22625
527,22630
528,22635
529,22640
530,22645
531,22650
532,22655
533,22660
534,22665
535,22670
536,22675
537,22680
538,22685
539,22690
540,22695
541,22700
542,22705
543,22710
544,22715
545,22720
546,22725
547,22730
548,22735
549,22740
550,22745
551,22750
552,22755
553,22760
554,22765
555,22770
556,22775
557,22780
558,22785
559,22790
560,22795
561,22800
562,22805
563,22810
564,22815
565,22820
566,22825
567,22830
568,22835
569,22840
570,22845
571,22850
572,22855
573,22860
574,22865
575,22870
576,22875
577,22880
578,22885
579,22890
580,22895
581,22900
582,22905
583,22910
584,22915
585,22920
586,22925
587,22930
588,22935
589,22940
590,22945
591,22950
592,22955
593,22960
594,22965
595,22970
596,22975
597,22980
598,22985
599,22990
600,22995
601,23000
602,23005
603,23010
604,23015
605,23020
606,23025
607,23030
608,23035
609,23040
610,23045
611,23050
612,23055
613,23060
614,23065
615,23070
616,23075
617,23080
618,23085
619,23090
620,23095
621,23100
622,23105
623,23110
624,23115
625,23120
626,23125
627,23130
628,23135
629,23140
630,23145
631,23150
632,23155
633,23160
634,23165
635,23170
636,23175
637,23180
638,23185
639,23190
640,23195
641,23200
642,23205
643,23210
644,23215
645,23220
646,23225
647,23230
648,23235
649,23240
650,23245
651,23250
652,23255
653,23260
654,23265
655,23270
656,23275
657,23280
658,23285
659,23290
660,23295
661,23300
662,23305
663,23310
664,23315
665,23320
666,23325
667,23330
668,23335
669,23340
670,23345
671,23350
672,23355
673,23360
674,23365
675,23370
676,23375
677,23380
678,23385
679,23390
680,23395
681,23400
682,23405
683,23410
684,23415
685,23420
686,23425
687,23430
688,23435
689,23440
690,23445
691,23450
692,23455
693,23460
694,23465
695,23470
696,23475
697,23480
698,23485
699,23490
700,23495
701,23500
702,23505
703,23510
704,23515
705,23520
706,23525
707,23530
708,23535
709,23540
710,23545
711,23550
712,23555
713,23560
714,23565
715,23570
716,23575
717,23580
718,23585
719,23590
720,23595
721,23600
722,23605
723,23610
724,23615
725,23620
726,23625
727,23630
728,23635
729,23640
730,23645
731,23650
732,23655
733,23660
734,23665
735,23670
736,23675
737,23680
738,23685
739,23690
740,23695
741,23700
742,23705
743,23710
744,23715
745,23720
746,23725
747,23730
748,23735
749,23740
750,23745
751,23750
752,23755
753,23760
754,23765
755,23770
756,23775
757,23780
758,23785
759,23790
760,23795
761,23800
762,23805
763,23810
764,23815
765,23820
766,23825
767,23830
768,23835
769,23840
770,23845
771,23850
772,23855
773,23860
774,23865
775,23870
776,23875
777,23880
778,23885
779,23890
780,23895
781,23900
782,23905
783,23910
784,23915
785,23920
786,23925
787,23930
788,23935
789,23940
790,23945
791,23950
792,23955
793,23960
794,23965
795,23970
796,23975
797,23980
798,23985
799,23990
800,23995
801,24000
802,24005
803,24010
804,24015
805,24020
806,24025
807,24030
808,24035
809,24040
810,24045
811,24050
812,24055
813,24060
814,24065
815,24070
816,24075
817,24080
818,24085
819,24090
820,24095
821,24100
822,24105
823,24110
824,24115
825,24120
826,24125
827,24130
828,24135
829,24140
830,24145
831,24150
832,24155
833,24160
834,24165
835,24170
836,24175
837,24180
838,24185
839,24190
840,24195
841,24200
842,24205
843,24210
844,24215
845,24220
846,24225
847,24230
848,24235
849,24240
850,24245
851,24250
852,24255
853,24260
854,24265
855,24270
856,24275
857,24280
858,24285
859,24290
860,24295
861,24300
862,24305
863,24310
864,24315
865,24320
866,24325
867,24330
868,24335
869,24340
870,24345
871,24350
872,24355
873,24360
874,24365
875,24370
876,24375
877,24380
878,24385
879,24390
880,24395
881,24400
882,24405
883,24410
884,24415
885,24420
886,24425
887,24430
888,24435
889,24440
890,24445
891,24450
892,24455
893,24460
894,24465
895,24470
896,24475
897,24480
898,24485
899,24490
900,24495
901,24500
902,24505
903,24510
904,24515
905,24520
906,24525
907,24530
908,24535
909,24540
910,24545
911,24550
912,24555
913,24560
914,24565
915,24570
916,24575
917,24580
918,24585
919,24590
920,24595
921,24600
922,24605
923,24610
924,24615
925,24620
926,24625
927,24630
928,24635
929,24640
930,24645
931,24650
932,24655
933,24660
934,24665
935,24670
936,24675
937,24680
938,24685
939,24690
940,24695
941,24700
942,24705
943,24710
944,24715
945,24720
946,24725
947,24730
948,24735
949,24740
950,24745
951,24750
952,24755
953,24760
954,24765
955,24770
956,24775
957,24780
958,24785
959,24790
960,24795
961,24800
962,24805
963,24810
964,24815
965,24820
966,24825
967,24830
968,24835
969,24840
970,24845
971,24850
972,24855
973,24860
974,24865
975,24870
976,24875
977,24880
978,24885
979,24890
980,24895
981,24900
982,24905
983,24910
984,24915
985,24920
986,24925
987,24930
988,24935
989,24940
990,24945
991,24950
992,24955
993,24960
994,24965
995,24970
996,24975
997,24980
998,24985
999,24990
1000,24995
1,25000
2,25005
3,25010
4,25015
5,25020
6,25025
7,25030
8,25035
9,25040
10,25045
11,25050
12,25055
13,25060
14,25065
15,25070
16,25075
17,25080
18,25085
19,25090
20,25095
21,25100
22,25105
23,25110
24,25115
25,25120
26,25125
27,25130
28,25135
29,25140
30,25145
31,25150
32,25155
33,25160
34,25165
35,25170
36,25175
37,25180
38,25185
39,25190
40,25195
41,25200
42,25205
43,25210
44,25215
45,25220
46,25225
47,25230
48,25235
49,25240
50,25245
51,25250
52,25255
53,25260
54,25265
55,25270
56,25275
57,25280
58,25285
59,25290
60,25295
61,25300
62,25305
63,25310
64,25315
65,25320
66,25325
67,25330
68,25335
69,25340
70,25345
71,25350
72,25355
73,25360
74,25365
75,25370
76,25375
77,25380
78,25385
79,25390
80,25395
81,25400
82,25405
83,25410
84,25415
85,25420
86,25425
87,25430
88,25435
89,25440
90,25445
91,25450
92,25455
93,25460
94,25465
95,25470
96,25475
97,25480
98,25485
99,25490
100,25495
101,25500
102,25505
103,25510
104,25515
105,25520
106,25525
107,25530
108,25535
109,25540
110,25545
111,25550
112,25555
113,25560
114,25565
115,25570
116,25575
117,25580
118,25585
119,25590
120,25595
121,25600
122,25605
123,25610
124,25615
125,25620
126,25625
127,25630
128,25635
129,25640
130,25645
131,25650
132,25655
133,25660
134,25665
135,25670
136,25675
137,25680
138,25685
139,25690
140,25695
141,25700
142,25705
143,25710
144,25715
145,25720
146,25725
147,25730
148,25735
149,25740
150,25745
151,25750
152,25755
153,25760
154,25765
155,25770
156,25775
157,25780
158,25785
159,25790
160,25795
161,25800
162,25805
163,25810
164,25815
165,25820
166,25825
167,25830
168,25835
169,25840
170,25845
171,25850
172,25855
173,25860
174,25865
175,25870
176,25875
177,25880
178,25885
179,25890
180,25895
181,25900
182,25905
183,25910
184,25915
185,25920
186,25925
187,25930
188,25935
189,25940
190,25945
191,25950
192,25955
193,25960
194,25965
195,25970
196,25975
197,25980
198,25985
199,25990
200,25995
201,26000
202,26005
203,26010
204,26015
205,26020
206,26025
207,26030
208,26035
209,26040
210,26045
211,26050
212,26055
213,26060
214,26065
215,26070
216,26075
217,26080
218,26085
219,26090
220,26095
221,26100
222,26105
223,26110
224,26115
225,26120
226,26125
227,26130
228,26135
229,26140
230,26145
231,26150
232,26155
233,26160
234,26165
235,26170
236,26175
237,26180
238,26185
239,26190
240,26195
241,26200
242,26205
243,26210
244,26215
245,26220
246,26225
247,26230
248,26235
249,26240
250,26245
251,26250
252,26255
253,26260
254,26265
255,26270
256,26275
257,26280
258,26285
259,26290
260,26295
261,26300
262,26305
263,26310
264,26315
265,26320
266,26325
267,26330
268,26335
269,26340
270,26345
271,26350
272,26355
273,26360
274,26365
275,26370
276,26375
277,26380
278,26385
279,26390
280,26395
281,26400
282,26405
283,26410
284,26415
285,26420
286,26425
287,26430
288,26435
289,26440
290,26445
291,26450
292,26455
293,26460
294,26465
295,26470
296,26475
297,26480
298,26485
299,26490
300,26495
301,26500
302,26505
303,26510
304,26515
305,26520
306,26525
307,26530
308,26535
309,26540
310,26545
311,26550
312,26555
313,26560
314,26565
315,26570
316,26575
317,26580
318,26585
319,26590
320,26595
321,26600
322,26605
323,26610
324,26615
325,26620
326,26625
327,26630
328,26635
329,26640
330,26645
331,26650
332,26655
333,26660
334,26665
335,26670
336,26675
337,26680
338,26685
339,26690
340,26695
341,26700
342,26705
343,26710
344,26715
345,26720
346,26725
347,26730
348,26735
349,26740
350,26745
351,26750
352,26755
353,26760
354,26765
355,26770
356,26775
357,26780
358,26785
359,26790
360,26795
361,26800
362,26805
363,26810
364,26815
365,26820
366,26825
367,26830
368,26835
369,26840
370,26845
371,26850
372,26855
373,26860
374,26865
375,26870
376,26875
377,26880
378,26885
379,26890
380,26895
381,26900
382,26905
383,26910
384,26915
385,26920
386,26925
387,26930
388,26935
389,26940
390,26945
391,26950
392,26955
393,26960
394,26965
395,26970
396,26975
397,26980
398,26985
399,26990
400,26995
401,27000
402,27005
403,27010
404,27015
405,27020
406,27025
407,27030
408,27035
409,27040
410,27045
411,27050
412,27055
413,27060
414,27065
415,27070
416,27075
417,27080
418,27085
419,27090
420,27095
421,27100
422,27105
423,27110
424,27115
425,27120
426,27125
427,27130
428,27135
429,27140
430,27145
431,27150
432,27155
433,27160
434,27165
435,27170
436,27175
437,27180
438,27185
439,27190
440,27195
441,27200
442,27205
443,27210
444,27215
445,27220
446,27225
447,27230
448,27235
449,27240
450,27245
451,27250
452,27255
453,27260
454,27265
455,27270
456,27275
457,27280
458,27285
459,27290
460,27295
461,27300
462,27305
463,27310
464,27315
465,27320
466,27325
467,27330
468,27335
469,27340
470,27345
471,27350
472,27355
473,27360
474,27365
475,27370
476,27375
477,27380
478,27385
479,27390
480,27395
481,27400
482,27405
483,27410
484,27415
485,27420
486,27425
487,27430
488,27435
489,27440
490,27445
491,27450
492,27455
493,27460
494,27465
495,27470
496,27475
497,27480
498,27485
499,27490
500,27495
501,27500
502,27505
503,27510
504,27515
505,27520
506,27525
507,27530
508,27535
509,27540
510,27545
511,27550
512,27555
513,27560
514,27565
515,27570
516,27575
517,27580
518,27585
519,27590
520,27595
521,27600
522,27605
523,27610
524,27615
525,27620
526,27625
527,27630
528,27635
529,27640
530,27645
531,27650
532,27655
533,27660
534,27665
535,27670
536,27675
537,27680
538,27685
539,27690
540,27695
541,27700
542,27705
543,27710
544,27715
545,27720
546,27725
547,27730
548,27735
549,27740
550,27745
551,27750
552,27755
553,27760
554,27765
555,27770
556,27775
557,27780
558,27785
559,27790
560,27795
561,27800
562,27805
563,27810
564,27815
565,27820
566,27825
567,27830
568,27835
569,27840
570,27845
571,27850
572,27855
573,27860
574,27865
575,27870
576,27875
577,27880
578,27885
579,27890
580,27895
581,27900
582,27905
583,27910
584,27915
585,27920
586,27925
587,27930
588,27935
589,27940
590,27945
591,27950
592,27955
593,27960
594,27965
595,27970
596,27975
597,27980
598,27985
599,27990
600,27995
601,28000
602,28005
603,28010
604,28015
605,28020
606,28025
607,28030
608,28035
609,28040
610,28045
611,28050
612,28055
613,28060
614,28065
615,28070
616,28075
617,28080
618,28085
619,28090
620,28095
621,28100
622,28105
623,28110
624,28115
625,28120
626,28125
627,28130
628,28135
629,28140
630,28145
631,28150
632,28155
633,28160
634,28165
635,28170
636,28175
637,28180
638,28185
639,28190
640,28195
641,28200
642,28205
643,28210
644,28215
645,28220
646,28225
647,28230
648,28235
649,28240
650,28245
651,28250
652,28255
653,28260
654,28265
655,28270
656,28275
657,28280
658,28285
659,28290
660,28295
661,28300
662,28305
663,28310
664,28315
665,28320
666,28325
667,28330
668,28335
669,28340
670,28345
671,28350
672,28355
673,28360
674,28365
675,28370
676,28375
677,28380
678,28385
679,28390
680,28395
681,28400
682,28405
683,28410
684,28415
685,28420
686,28425
687,28430
688,28435
689,28440
690,28445
691,28450
692,28455
693,28460
694,28465
695,28470
696,28475
697,28480
698,28485
699,28490
700,28495
701,28500
702,28505
703,28510
704,28515
705,28520
706,28525
707,28530
708,28535
709,28540
710,28545
711,28550
712,28555
713,28560
714,28565
715,28570
716,28575
717,28580
718,28585
719,28590
720,28595
721,28600
722,28605
723,28610
724,28615
725,28620
726,28625
727,28630
728,28635
729,28640
730,28645
731,28650
732,28655
733,28660
734,28665
735,28670
736,28675
737,28680
738,28685
739,28690
740,28695
741,28700
742,28705
743,28710
744,28715
745,28720
746,28725
747,28730
748,28735
749,28740
750,28745
751,28750
752,28755
753,28760
754,28765
755,28770
756,28775
757,28780
758,28785
759,28790
760,28795
761,28800
762,28805
763,28810
764,28815
765,28820
766,28825
767,28830
768,28835
769,28840
770,28845
771,28850
772,28855
773,28860
774,28865
775,28870
776,28875
777,28880
778,28885
779,28890
780,28895
781,28900
782,28905
783,28910
784,28915
785,28920
786,28925
787,28930
788,28935
789,28940
790,28945
791,28950
792,28955
793,28960
794,28965
795,28970
796,28975
797,28980
798,28985
799,28990
800,28995
801,29000
802,29005
803,29010
804,29015
805,29020
806,29025
807,29030
808,29035
809,29040
810,29045
811,29050
812,29055
813,29060
814,29065
815,29070
816,29075
817,29080
818,29085
819,29090
820,29095
821,29100
822,29105
823,29110
824,29115
825,29120
826,29125
827,29130
828,29135
829,29140
830,29145
831,29150
832,29155
833,29160
834,29165
835,29170
836,29175
837,29180
838,29185
839,29190
840,29195
841,29200
842,29205
843,29210
844,29215
845,29220
846,29225
847,29230
848,29235
849,29240
850,29245
851,29250
852,29255
853,29260
854,29265
855,29270
856,29275
857,29280
858,29285
859,29290
860,29295
861,29300
862,29305
863,29310
864,29315
865,29320
866,29325
867,29330
868,29335
869,29340
870,29345
871,29350
872,29355
873,29360
874,29365
875,29370
876,29375
877,29380
878,29385
879,29390
880,29395
881,29400
882,29405
883,29410
884,29415
885,29420
886,29425
887,29430
888,29435
889,29440
890,29445
891,29450
892,29455
893,29460
894,29465
895,29470
896,29475
897,29480
898,29485
899,29490
900,29495
901,29500
902,29505
903,29510
904,29515
905,29520
906,29525
907,29530
908,29535
909,29540
910,29545
911,29550
912,29555
913,29560
914,29565
915,29570
916,29575
917,29580
918,29585
919,29590
920,29595
921,29600
922,29605
923,29610
924,29615
925,29620
926,29625
927,29630
928,29635
929,29640
930,29645
931,29650
932,29655
933,29660
934,29665
935,29670
936,29675
937,29680
938,29685
939,29690
940,29695
941,29700
942,29705
943,29710
944,29715
945,29720
946,29725
947,29730
948,29735
949,29740
950,29745
951,29750
952,29755
953,29760
954,29765
955,29770
956,29775
957,29780
958,29785
959,29790
960,29795
961,29800
962,29805
963,29810
964,29815
965,29820
966,29825
967,29830
968,29835
969,29840
970,29845
971,29850
972,29855
973,29860
974,29865
975,29870
976,29875
977,29880
978,29885
979,29890
980,29895
981,29900
982,29905
983,29910
984,29915
985,29920
986,29925
987,29930
988,29935
989,29940
990,29945
991,29950
992,29955
993,29960
994,29965
995,29970
996,29975
997,29980
998,29985
999,29990
1000,29995
1,30000
2,30005
3,30010
4,30015
5,30020
6,30025
7,30030
8,30035
9,30040
10,30045
11,30050
12,30055
13,30060
14,30065
15,30070
16,30075
17,30080
18,30085
19,30090
20,30095
21,30100
22,30105
23,30110
24,30115
25,30120
26,30125
27,30130
28,30135
29,30140
30,30145
31,30150
32,30155
33,30160
34,30165
35,30170
36,30175
37,30180
38,30185
39,30190
40,30195
41,30200
42,30205
43,30210
44,30215
45,30220
46,30225
47,30230
48,30235
49,30240
50,30245
51,30250
52,30255
53,30260
54,30265
55,30270
56,30275
57,30280
58,30285
59,30290
60,30295
61,30300
62,30305
63,30310
64,30315
65,30320
66,30325
67,30330
68,30335
69,30340
70,30345
71,30350
72,30355
73,30360
74,30365
75,30370
76,30375
77,30380
78,30385
79,30390
80,30395
81,30400
82,30405
83,30410
84,30415
85,30420
86,30425
87,30430
88,30435
89,30440
90,30445
91,30450
92,30455
93,30460
94,30465
95,30470
96,30475
97,30480
98,30485
99,30490
100,30495
101,30500
102,30505
103,30510
104,30515
105,30520
106,30525
107,30530
108,30535
109,30540
110,30545
111,30550
112,30555
113,30560
114,30565
115,30570
116,30575
117,30580
118,30585
119,30590
120,30595
121,30600
122,30605
123,30610
124,30615
125,30620
126,30625
127,30630
128,30635
129,30640
130,30645
131,30650
132,30655
133,30660
134,30665
135,30670
136,30675
137,30680
138,30685
139,30690
140,30695
141,30700
142,30705
143,30710
144,30715
145,30720
146,30725
147,30730
148,30735
149,30740
150,30745
151,30750
152,30755
153,30760
154,30765
155,30770
156,30775
157,30780
158,30785
159,30790
160,30795
161,30800
162,30805
163,30810
164,30815
165,30820
166,30825
167,30830
168,30835
169,30840
170,30845
171,30850
172,30855
173,30860
174,30865
175,30870
176,30875
177,30880
178,30885
179,30890
180,30895
181,30900
182,30905
183,30910
184,30915
185,30920
186,30925
187,30930
188,30935
189,30940
190,30945
191,30950
192,30955
193,30960
194,30965
195,30970
196,30975
197,30980
198,30985
199,30990
200,30995
201,31000
202,31005
203,31010
204,31015
205,31020
206,31025
207,31030
208,31035
209,31040
210,31045
211,31050
212,31055
213,31060
214,31065
215,31070
216,31075
217,31080
218,31085
219,31090
220,31095
221,31100
222,31105
223,31110
224,31115
225,31120
226,31125
227,31130
228,31135
229,31140
230,31145
231,31150
232,31155
233,31160
234,31165
235,31170
236,31175
237,31180
238,31185
239,31190
240,31195
241,31200
242,31205
243,31210
244,31215
245,31220
246,31225
247,31230
248,31235
249,31240
250,31245
251,31250
252,31255
253,31260
254,31265
255,31270
256,31275
257,31280
258,31285
259,31290
260,31295
261,31300
262,31305
263,31310
264,31315
265,31320
266,31325
267,31330
268,31335
269,31340
270,31345
271,31350
272,31355
273,31360
274,31365
275,31370
276,31375
277,31380
278,31385
279,31390
280,31395
281,31400
282,31405
283,31410
284,31415
285,31420
286,31425
287,31430
288,31435
289,31440
290,31445
291,31450
292,31455
293,31460
294,31465
295,31470
296,31475
297,31480
298,31485
299,31490
300,31495
301,31500
302,31505
303,31510
304,31515
305,31520
306,31525
307,31530
308,31535
309,31540
310,31545
311,31550
312,31555
313,31560
314,31565
315,31570
316,31575
317,31580
318,31585
319,31590
320,31595
321,31600
322,31605
323,31610
324,31615
325,31620
326,31625
327,31630
328,31635
329,31640
330,31645
331,31650
332,31655
333,31660
334,31665
335,31670
336,31675
337,31680
338,31685
339,31690
340,31695
341,31700
342,31705
343,31710
344,31715
345,31720
346,31725
347,31730
348,31735
349,31740
350,31745
351,31750
352,31755
353,31760
354,31765
355,31770
356,31775
357,31780
358,31785
359,31790
360,31795
361,31800
362,31805
363,31810
364,31815
365,31820
366,31825
367,31830
368,31835
369,31840
370,31845
371,31850
372,31855
373,31860
374,31865
375,31870
376,31875
377,31880
378,31885
379,31890
380,31895
381,31900
382,31905
383,31910
384,31915
385,31920
386,31925
387,31930
388,31935
389,31940
390,31945
391,31950
392,31955
393,31960
394,31965
395,31970
396,31975
397,31980
398,31985
399,31990
400,31995
401,32000
402,32005
403,32010
404,32015
405,32020
406,32025
407,32030
408,32035
409,32040
410,32045
411,32050
412,32055
413,32060
414,32065
415,32070
416,32075
417,32080
418,32085
419,32090
420,32095
421,32100
422,32105
423,32110
424,32115
425,32120
426,32125
427,32130
428,32135
429,32140
430,32145
431,32150
432,32155
433,32160
434,32165
435,32170
436,32175
437,32180
438,32185
439,32190
440,32195
441,32200
442,32205
443,32210
444,32215
445,32220
446,32225
447,32230
448,32235
449,32240
450,32245
451,32250
452,32255
453,32260
454,32265
455,32270
456,32275
457,32280
458,32285
459,32290
460,32295
461,32300
462,32305
463,32310
464,32315
465,32320
466,32325
467,32330
468,32335
469,32340
470,32345
471,32350
472,32355
473,32360
474,32365
475,32370
476,32375
477,32380
478,32385
479,32390
480,32395
481,32400
482,32405
483,32410
484,32415
485,32420
486,32425
487,32430
488,32435
489,32440
490,32445
491,32450
492,32455
493,32460
494,32465
495,32470
496,32475
497,32480
498,32485
499,32490
500,32495
501,32500
502,32505
503,32510
504,32515
505,32520
506,32525
507,32530
508,32535
509,32540
510,32545
511,32550
512,32555
513,32560
514,32565
515,32570
516,32575
517,32580
518,32585
519,32590
520,32595
521,32600
522,32605
523,32610
524,32615
525,32620
526,32625
527,32630
528,32635
529,32640
530,32645
531,32650
532,32655
533,32660
534,32665
535,32670
536,32675
537,32680
538,32685
539,32690
540,32695
541,32700
542,32705
543,32710
544,32715
545,32720
546,32725
547,32730
548,32735
549,32740
550,32745
551,32750
552,32755
553,32760
554,32765
555,32770
556,32775
557,32780
558,32785
559,32790
560,32795
561,32800
562,32805
563,32810
564,32815
565,32820
566,32825
567,32830
568,32835
569,32840
570,32845
571,32850
572,32855
573,32860
574,32865
575,32870
576,32875
577,32880
578,32885
579,32890
580,32895
581,32900
582,32905
583,32910
584,32915
585,32920
586,32925
587,32930
588,32935
589,32940
590,32945
591,32950
592,32955
593,32960
594,32965
595,32970
596,32975
597,32980
598,32985
599,32990
600,32995
601,33000
602,33005
603,33010
604,33015
605,33020
606,33025
607,33030
608,33035
609,33040
610,33045
611,33050
612,33055
613,33060
614,33065
615,33070
616,33075
617,33080
618,33085
619,33090
620,33095
621,33100
622,33105
623,33110
624,33115
625,33120
626,33125
627,33130
628,33135
629,33140
630,33145
631,33150
632,33155
633,33160
634,33165
635,33170
636,33175
637,33180
638,33185
639,33190
640,33195
641,33200
642,33205
643,33210
644,33215
645,33220
646,33225
647,33230
648,33235
649,33240
650,33245
651,33250
652,33255
653,33260
654,33265
655,33270
656,33275
657,33280
658,33285
659,33290
660,33295
661,33300
662,33305
663,33310
664,33315
665,33320
666,33325
667,33330
668,33335
669,33340
670,33345
671,33350
672,33355
673,33360
674,33365
675,33370
676,33375
677,33380
678,33385
679,33390
680,33395
681,33400
682,33405
683,33410
684,33415
685,33420
686,33425
687,33430
688,33435
689,33440
690,33445
691,33450
692,33455
693,33460
694,33465
695,33470
696,33475
697,33480
698,33485
699,33490
700,33495
701,33500
702,33505
703,33510
704,33515
705,33520
706,33525
707,33530
708,33535
709,33540
710,33545
711,33550
712,33555
713,33560
714,33565
715,33570
716,33575
717,33580
718,33585
719,33590
720,33595
721,33600
722,33605
723,33610
724,33615
725,33620
726,33625
727,33630
728,33635
729,33640
730,33645
731,33650
732,33655
733,33660
734,33665
735,33670
736,33675
737,33680
738,33685
739,33690
740,33695
741,33700
742,33705
743,33710
744,33715
745,33720
746,33725
747,33730
748,33735
749,33740
750,33745
751,33750
752,33755
753,33760
754,33765
755,33770
756,33775
757,33780
758,33785
759,33790
760,33795
761,33800
762,33805
763,33810
764,33815
765,33820
766,33825
767,33830
768,33835
769,33840
770,33845
771,33850
772,33855
773,33860
774,33865
775,33870
776,33875
777,33880
778,33885
779,33890
780,33895
781,33900
782,33905
783,33910
784,33915
785,33920
786,33925
787,33930
788,33935
789,33940
790,33945
791,33950
792,33955
793,33960
794,33965
795,33970
796,33975
797,33980
798,33985
799,33990
800,33995
801,34000
802,34005
803,34010
804,34015
805,34020
806,34025
807,34030
808,34035
809,34040
810,34045
811,34050
812,34055
813,34060
814,34065
815,34070
816,34075
817,34080
818,34085
819,34090
820,34095
821,34100
822,34105
823,34110
824,34115
825,34120
826,34125
827,34130
828,34135
829,34140
830,34145
831,34150
832,34155
833,34160
834,34165
835,34170
836,34175
837,34180
838,34185
839,34190
840,34195
841,34200
842,34205
843,34210
844,34215
845,34220
846,34225
847,34230
848,34235
849,34240
850,34245
851,34250
852,34255
853,34260
854,34265
855,34270
856,34275
857,34280
858,34285
859,34290
860,34295
861,34300
862,34305
863,34310
864,34315
865,34320
866,34325
867,34330
868,34335
869,34340
870,34345
871,34350
872,34355
873,34360
874,34365
875,34370
876,34375
877,34380
878,34385
879,34390
880,34395
881,34400
882,34405
883,34410
884,34415
885,34420
886,34425
887,34430
888,34435
889,34440
890,34445
891,34450
892,34455
893,34460
894,34465
895,34470
896,34475
897,34480
898,34485
899,34490
900,34495
901,34500
902,34505
903,34510
904,34515
905,34520
906,34525
907,34530
908,34535
909,34540
910,34545
911,34550
912,34555
913,34560
914,34565
915,34570
916,34575
917,34580
918,34585
919,34590
920,34595
921,34600
922,34605
923,34610
924,34615
925,34620
926,34625
927,34630
928,34635
929,34640
930,34645
931,34650
932,34655
933,34660
934,34665
935,34670
936,34675
937,34680
938,34685
939,34690
940,34695
941,34700
942,34705
943,34710
944,34715
945,34720
946,34725
947,34730
948,34735
949,34740
950,34745
951,34750
952,34755
953,34760
954,34765
955,34770
956,34775
957,34780
958,34785
959,34790
960,34795
961,34800
962,34805
963,34810
964,34815
965,34820
966,34825
967,34830
968,34835
969,34840
970,34845
971,34850
972,34855
973,34860
974,34865
975,34870
976,34875
977,34880
978,34885
979,34890
980,34895
981,34900
982,34905
983,34910
984,34915
985,34920
986,34925
987,34930
988,34935
989,34940
990,34945
991,34950
992,34955
993,34960
994,34965
995,34970
996,34975
997,34980
998,34985
999,34990
1000,34995
1,35000
2,35005
3,35010
4,35015
5,35020
6,35025
7,35030
8,35035
9,35040
10,35045
11,35050
12,35055
13,35060
14,35065
15,35070
16,35075
17,35080
18,35085
19,35090
20,35095
21,35100
22,35105
23,35110
24,35115
25,35120
26,35125
27,35130
28,35135
29,35140
30,35145
31,35150
32,35155
33,35160
34,35165
35,35170
36,35175
37,35180
38,35185
39,35190
40,35195
41,35200
42,35205
43,35210
44,35215
45,35220
46,35225
47,35230
48,35235
49,35240
50,35245
51,35250
52,35255
53,35260
54,35265
55,35270
56,35275
57,35280
58,35285
59,35290
60,35295
61,35300
62,35305
63,35310
64,35315
65,35320
66,35325
67,35330
68,35335
69,35340
70,35345
71,35350
72,35355
73,35360
74,35365
75,35370
76,35375
77,35380
78,35385
79,35390
80,35395
81,35400
82,35405
83,35410
84,35415
85,35420
86,35425
87,35430
88,35435
89,35440
90,35445
91,35450
92,35455
93,35460
94,35465
95,35470
96,35475
97,35480
98,35485
99,35490
100,35495
101,35500
102,35505
103,35510
104,35515
105,35520
106,35525
107,35530
108,35535
109,35540
110,35545
111,35550
112,35555
113,35560
114,35565
115,35570
116,35575
117,35580
118,35585
119,35590
120,35595
121,35600
122,35605
123,35610
124,35615
125,35620
126,35625
127,35630
128,35635
129,35640
130,35645
131,35650
132,35655
133,35660
134,35665
135,35670
136,35675
137,35680
138,35685
139,35690
140,35695
141,35700
142,35705
143,35710
144,35715
145,35720
146,35725
147,35730
148,35735
149,35740
150,35745
151,35750
152,35755
153,35760
154,35765
155,35770
156,35775
157,35780
158,35785
159,35790
160,35795
161,35800
162,35805
163,35810
164,35815
165,35820
166,35825
167,35830
168,35835
169,35840
170,35845
171,35850
172,35855
173,35860
174,35865
175,35870
176,35875
177,35880
178,35885
179,35890
180,35895
181,35900
182,35905
183,35910
184,35915
185,35920
186,35925
187,35930
188,35935
189,35940
190,35945
191,35950
192,35955
193,35960
194,35965
195,35970
196,35975
197,35980
198,35985
199,35990
200,35995
201,36000
202,36005
203,36010
204,36015
205,36020
206,36025
207,36030
208,36035
209,36040
210,36045
211,36050
212,36055
213,36060
214,36065
215,36070
216,36075
217,36080
218,36085
219,36090
220,36095
221,36100
222,36105
223,36110
224,36115
225,36120
226,36125
227,36130
228,36135
229,36140
230,36145
231,36150
232,36155
233,36160
234,36165
235,36170
236,36175
237,36180
238,36185
239,36190
240,36195
241,36200
242,36205
243,36210
244,36215
245,36220
246,36225
247,36230
248,36235
249,36240
250,36245
251,36250
252,36255
253,36260
254,36265
255,36270
256,36275
257,36280
258,36285
259,36290
260,36295
261,36300
262,36305
263,36310
264,36315
265,36320
266,36325
267,36330
268,36335
269,36340
270,36345
271,36350
272,36355
273,36360
274,36365
275,36370
276,36375
277,36380
278,36385
279,36390
280,36395
281,36400
282,36405
283,36410
284,36415
285,36420
286,36425
287,36430
288,36435
289,36440
290,36445
291,36450
292,36455
293,36460
294,36465
295,36470
296,36475
297,36480
298,36485
299,36490
300,36495
301,36500
302,36505
303,36510
304,36515
305,36520
306,36525
307,36530
308,36535
309,36540
310,36545
311,36550
312,36555
313,36560
314,36565
315,36570
316,36575
317,36580
318,36585
319,36590
320,36595
321,36600
322,36605
323,36610
324,36615
325,36620
326,36625
327,36630
328,36635
329,36640
330,36645
331,36650
332,36655
333,36660
334,36665
335,36670
336,36675
337,36680
338,36685
339,36690
340,36695
341,36700
342,36705
343,36710
344,36715
345,36720
346,36725
347,36730
348,36735
349,36740
350,36745
351,36750
352,36755
353,36760
354,36765
355,36770
356,36775
357,36780
358,36785
359,36790
360,36795
361,36800
362,36805
363,36810
364,36815
365,36820
366,36825
367,36830
368,36835
369,36840
370,36845
371,36850
372,36855
373,36860
374,36865
375,36870
376,36875
377,36880
378,36885
379,36890
380,36895
381,36900
382,36905
383,36910
384,36915
385,36920
386,36925
387,36930
388,36935
389,36940
390,36945
391,36950
392,36955
393,36960
394,36965
395,36970
396,36975
397,36980
398,36985
399,36990
400,36995
401,37000
402,37005
403,37010
404,37015
405,37020
406,37025
407,37030
408,37035
409,37040
410,37045
411,37050
412,37055
413,37060
414,37065
415,37070
416,37075
417,37080
418,37085
419,37090
420,37095
421,37100
422,37105
423,37110
424,37115
425,37120
426,37125
427,37130
428,37135
429,37140
430,37145
431,37150
432,37155
433,37160
434,37165
435,37170
436,37175
437,37180
438,37185
439,37190
440,37195
441,37200
442,37205
443,37210
444,37215
445,37220
446,37225
447,37230
448,37235
449,37240
450,37245
451,37250
452,37255
453,37260
454,37265
455,37270
456,37275
457,37280
458,37285
459,37290
460,37295
461,37300
462,37305
463,37310
464,37315
465,37320
466,37325
467,37330
468,37335
469,37340
470,37345
471,37350
472,37355
473,37360
474,37365
475,37370
476,37375
477,37380
478,37385
479,37390
480,37395
481,37400
482,37405
483,37410
484,37415
485,37420
486,37425
487,37430
488,37435
489,37440
490,37445
491,37450
492,37455
493,37460
494,37465
495,37470
496,37475
497,37480
498,37485
499,37490
500,37495
501,37500
502,37505
503,37510
504,37515
505,37520
506,37525
507,37530
508,37535
509,37540
510,37545
511,37550
512,37555
513,37560
514,37565
515,37570
516,37575
517,37580
518,37585
519,37590
520,37595
521,37600
522,37605
523,37610
524,37615
525,37620
526,37625
527,37630
528,37635
529,37640
530,37645
531,37650
532,37655
533,37660
534,37665
535,37670
536,37675
537,37680
538,37685
539,37690
540,37695
541,37700
542,37705
543,37710
544,37715
545,37720
546,37725
547,37730
548,37735
549,37740
550,37745
551,37750
552,37755
553,37760
554,37765
555,37770
556,37775
557,37780
558,37785
559,37790
560,37795
561,37800
562,37805
563,37810
564,37815
565,37820
566,37825
567,37830
568,37835
569,37840
570,37845
571,37850
572,37855
573,37860
574,37865
575,37870
576,37875
577,37880
578,37885
579,37890
580,37895
581,37900
582,37905
583,37910
584,37915
585,37920
586,37925
587,37930
588,37935
589,37940
590,37945
591,37950
592,37955
593,37960
594,37965
595,37970
596,37975
597,37980
598,37985
599,37990
600,37995
601,38000
602,38005
603,38010
604,38015
605,38020
606,38025
607,38030
608,38035
609,38040
610,38045
611,38050
612,38055
613,38060
614,38065
615,38070
616,38075
617,38080
618,38085
619,38090
620,38095
621,38100
622,38105
623,38110
624,38115
625,38120
626,38125
627,38130
628,38135
629,38140
630,38145
631,38150
632,38155
633,38160
634,38165
635,38170
636,38175
637,38180
638,38185
639,38190
640,38195
641,38200
642,38205
643,38210
644,38215
645,38220
646,38225
647,38230
648,38235
649,38240
650,38245
651,38250
652,38255
653,38260
654,38265
655,38270
656,38275
657,38280
658,38285
659,38290
660,38295
661,38300
662,38305
663,38310
664,38315
665,38320
666,38325
667,38330
668,38335
669,38340
670,38345
671,38350
672,38355
673,38360
674,38365
675,38370
676,38375
677,38380
678,38385
679,38390
680,38395
681,38400
682,38405
683,38410
684,38415
685,38420
686,38425
687,38430
688,38435
689,38440
690,38445
691,38450
692,38455
693,38460
694,38465
695,38470
696,38475
697,38480
698,38485
699,38490
700,38495
701,38500
702,38505
703,38510
704,38515
705,38520
706,38525
707,38530
708,38535
709,38540
710,38545
711,38550
712,38555
713,38560
714,38565
715,38570
716,38575
717,38580
718,38585
719,38590
720,38595
721,38600
722,38605
723,38610
724,38615
725,38620
726,38625
727,38630
728,38635
729,38640
730,38645
731,38650
732,38655
733,38660
734,38665
735,38670
736,38675
737,38680
738,38685
739,38690
740,38695
741,38700
742,38705
743,38710
744,38715
745,38720
746,38725
747,38730
748,38735
749,38740
750,38745
751,38750
752,38755
753,38760
754,38765
755,38770
756,38775
757,38780
758,38785
759,38790
760,38795
761,38800
762,38805
763,38810
764,38815
765,38820
766,38825
767,38830
768,38835
769,38840
770,38845
771,38850
772,38855
773,38860
774,38865
775,38870
776,38875
777,38880
778,38885
779,38890
780,38895
781,38900
782,38905
783,38910
784,38915
785,38920
786,38925
787,38930
788,38935
789,38940
790,38945
791,38950
792,38955
793,38960
794,38965
795,38970
796,38975
797,38980
798,38985
799,38990
800,38995
801,39000
802,39005
803,39010
804,39015
805,39020
806,39025
807,39030
808,39035
809,39040
810,39045
811,39050
812,39055
813,39060
814,39065
815,39070
816,39075
817,39080
818,39085
819,39090
820,39095
821,39100
822,39105
823,39110
824,39115
825,39120
826,39125
827,39130
828,39135
829,39140
830,39145
831,39150
832,39155
833,39160
834,39165
835,39170
836,39175
837,39180
838,39185
839,39190
840,39195
841,39200
842,39205
843,39210
844,39215
845,39220
846,39225
847,39230
848,39235
849,39240
850,39245
851,39250
852,39255
853,39260
854,39265
855,39270
856,39275
857,39280
858,39285
859,39290
860,39295
861,39300
862,39305
863,39310
864,39315
865,39320
866,39325
867,39330
868,39335
869,39340
870,39345
871,39350
872,39355
873,39360
874,39365
875,39370
876,39375
877,39380
878,39385
879,39390
880,39395
881,39400
882,39405
883,39410
884,39415
885,39420
886,39425
887,39430
888,39435
889,39440
890,39445
891,39450
892,39455
893,39460
894,39465
895,39470
896,39475
897,39480
898,39485
899,39490
900,39495
901,39500
902,39505
903,39510
904,39515
905,39520
906,39525
907,39530
908,39535
909,39540
910,39545
911,39550
912,39555
913,39560
914,39565
915,39570
916,39575
917,39580
918,39585
919,39590
920,39595
921,39600
922,39605
923,39610
924,39615
925,39620
926,39625
927,39630
928,39635
929,39640
930,39645
931,39650
932,39655
933,39660
934,39665
935,39670
936,39675
937,39680
938,39685
939,39690
940,39695
941,39700
942,39705
943,39710
944,39715
945,39720
946,39725
947,39730
948,39735
949,39740
950,39745
951,39750
952,39755
953,39760
954,39765
955,39770
956,39775
957,39780
958,39785
959,39790
960,39795
961,39800
962,39805
963,39810
964,39815
965,39820
966,39825
967,39830
968,39835
969,39840
970,39845
971,39850
972,39855
973,39860
974,39865
975,39870
976,39875
977,39880
978,39885
979,39890
980,39895
981,39900
982,39905
983,39910
984,39915
985,39920
986,39925
987,39930
988,39935
989,39940
990,39945
991,39950
992,39955
993,39960
994,39965
995,39970
996,39975
997,39980
998,39985
999,39990
1000,39995
1,40000
2,40005
3,40010
4,40015
5,40020
6,40025
7,40030
8,40035
9,40040
10,40045
11,40050
12,40055
13,40060
14,40065
15,40070
16,40075
17,40080
18,40085
19,40090
20,40095
21,40100
22,40105
23,40110
24,40115
25,40120
26,40125
27,40130
28,40135
29,40140
30,40145
31,40150
32,40155
33,40160
34,40165
35,40170
36,40175
37,40180
38,40185
39,40190
40,40195
41,40200
42,40205
43,40210
44,40215
45,40220
46,40225
47,40230
48,40235
49,40240
50,40245
51,40250
52,40255
53,40260
54,40265
55,40270
56,40275
57,40280
58,40285
59,40290
60,40295
61,40300
62,40305
63,40310
64,40315
65,40320
66,40325
67,40330
68,40335
69,40340
70,40345
71,40350
72,40355
73,40360
74,40365
75,40370
76,40375
77,40380
78,40385
79,40390
80,40395
81,40400
82,40405
83,40410
84,40415
85,40420
86,40425
87,40430
88,40435
89,40440
90,40445
91,40450
92,40455
93,40460
94,40465
95,40470
96,40475
97,40480
98,40485
99,40490
100,40495
101,40500
102,40505
103,40510
104,40515
105,40520
106,40525
107,40530
108,40535
109,40540
110,40545
111,40550
112,40555
113,40560
114,40565
115,40570
116,40575
117,40580
118,40585
119,40590
120,40595
121,40600
122,40605
123,40610
124,40615
125,40620
126,40625
127,40630
128,40635
129,40640
130,40645
131,40650
132,40655
133,40660
134,40665
135,40670
136,40675
137,40680
138,40685
139,40690
140,40695
141,40700
142,40705
143,40710
144,40715
145,40720
146,40725
147,40730
148,40735
149,40740
150,40745
151,40750
152,40755
153,40760
154,40765
155,40770
156,40775
157,40780
158,40785
159,40790
160,40795
161,40800
162,40805
163,40810
164,40815
165,40820
166,40825
167,40830
168,40835
169,40840
170,40845
171,40850
172,40855
173,40860
174,40865
175,40870
176,40875
177,40880
178,40885
179,40890
180,40895
181,40900
182,40905
183,40910
184,40915
185,40920
186,40925
187,40930
188,40935
189,40940
190,40945
191,40950
192,40955
193,40960
194,40965
195,40970
196,40975
197,40980
198,40985
199,40990
200,40995
201,41000
202,41005
203,41010
204,41015
205,41020
206,41025
207,41030
208,41035
209,41040
210,41045
211,41050
212,41055
213,41060
214,41065
215,41070
216,41075
217,41080
218,41085
219,41090
220,41095
221,41100
222,41105
223,41110
224,41115
225,41120
226,41125
227,41130
228,41135
229,41140
230,41145
231,41150
232,41155
233,41160
234,41165
235,41170
236,41175
237,41180
238,41185
239,41190
240,41195
241,41200
242,41205
243,41210
244,41215
245,41220
246,41225
247,41230
248,41235
249,41240
250,41245
251,41250
252,41255
253,41260
254,41265
255,41270
256,41275
257,41280
258,41285
259,41290
260,41295
261,41300
262,41305
263,41310
264,41315
265,41320
266,41325
267,41330
268,41335
269,41340
270,41345
271,41350
272,41355
273,41360
274,41365
275,41370
276,41375
277,41380
278,41385
279,41390
280,41395
281,41400
282,41405
283,41410
284,41415
285,41420
286,41425
287,41430
288,41435
289,41440
290,41445
291,41450
292,41455
293,41460
294,41465
295,41470
296,41475
297,41480
298,41485
299,41490
300,41495
301,41500
302,41505
303,41510
304,41515
305,41520
306,41525
307,41530
308,41535
309,41540
310,41545
311,41550
312,41555
313,41560
314,41565
315,41570
316,41575
317,41580
318,41585
319,41590
320,41595
321,41600
322,41605
323,41610
324,41615
325,41620
326,41625
327,41630
328,41635
329,41640
330,41645
331,41650
332,41655
333,41660
334,41665
335,41670
336,41675
337,41680
338,41685
339,41690
340,41695
341,41700
342,41705
343,41710
344,41715
345,41720
346,41725
347,41730
348,41735
349,41740
350,41745
351,41750
352,41755
353,41760
354,41765
355,41770
356,41775
357,41780
358,41785
359,41790
360,41795
361,41800
362,41805
363,41810
364,41815
365,41820
366,41825
367,41830
368,41835
369,41840
370,41845
371,41850
372,41855
373,41860
374,41865
375,41870
376,41875
377,41880
378,41885
379,41890
380,41895
381,41900
382,41905
383,41910
384,41915
385,41920
386,41925
387,41930
388,41935
389,41940
390,41945
391,41950
392,41955
393,41960
394,41965
395,41970
396,41975
397,41980
398,41985
399,41990
400,41995
401,42000
402,42005
403,42010
404,42015
405,42020
406,42025
407,42030
408,42035
409,42040
410,42045
411,42050
412,42055
413,42060
414,42065
415,42070
416,42075
417,42080
418,42085
419,42090
420,42095
421,42100
422,42105
423,42110
424,42115
425,42120
426,42125
427,42130
428,42135
429,42140
430,42145
431,42150
432,42155
433,42160
434,42165
435,42170
436,42175
437,42180
438,42185
439,42190
440,42195
441,42200
442,42205
443,42210
444,42215
445,42220
446,42225
447,42230
448,42235
449,42240
450,42245
451,42250
452,42255
453,42260
454,42265
455,42270
456,42275
457,42280
458,42285
459,42290
460,42295
461,42300
462,42305
463,42310
464,42315
465,42320
466,42325
467,42330
468,42335
469,42340
470,42345
471,42350
472,42355
473,42360
474,42365
475,42370
476,42375
477,42380
478,42385
479,42390
480,42395
481,42400
482,42405
483,42410
484,42415
485,42420
486,42425
487,42430
488,42435
489,42440
490,42445
491,42450
492,42455
493,42460
494,42465
495,42470
496,42475
497,42480
498,42485
499,42490
500,42495
501,42500
502,42505
503,42510
504,42515
505,42520
506,42525
507,42530
508,42535
509,42540
510,42545
511,42550
512,42555
513,42560
514,42565
515,42570
516,42575
517,42580
518,42585
519,42590
520,42595
521,42600
522,42605
523,42610
524,42615
525,42620
526,42625
527,42630
528,42635
529,42640
530,42645
531,42650
532,42655
533,42660
534,42665
535,42670
536,42675
537,42680
538,42685
539,42690
540,42695
541,42700
542,42705
543,42710
544,42715
545,42720
546,42725
547,42730
548,42735
549,42740
550,42745
551,42750
552,42755
553,42760
554,42765
555,42770
556,42775
557,42780
558,42785
559,42790
560,42795
561,42800
562,42805
563,42810
564,42815
565,42820
566,42825
567,42830
568,42835
569,42840
570,42845
571,42850
572,42855
573,42860
574,42865
575,42870
576,42875
577,42880
578,42885
579,42890
580,42895
581,42900
582,42905
583,42910
584,42915
585,42920
586,42925
587,42930
588,42935
589,42940
590,42945
591,42950
592,42955
593,42960
594,42965
595,42970
596,42975
597,42980
598,42985
599,42990
600,42995
601,43000
602,43005
603,43010
604,43015
605,43020
606,43025
607,43030
608,43035
609,43040
610,43045
611,43050
612,43055
613,43060
614,43065
615,43070
616,43075
617,43080
618,43085
619,43090
620,43095
621,43100
622,43105
623,43110
624,43115
625,43120
626,43125
627,43130
628,43135
629,43140
630,43145
631,43150
632,43155
633,43160
634,43165
635,43170
636,43175
637,43180
638,43185
639,43190
640,43195
641,43200
642,43205
643,43210
644,43215
645,43220
646,43225
647,43230
648,43235
649,43240
650,43245
651,43250
652,43255
653,43260
654,43265
655,43270
656,43275
657,43280
658,43285
659,43290
660,43295
661,43300
662,43305
663,43310
664,43315
665,43320
666,43325
667,43330
668,43335
669,43340
670,43345
671,43350
672,43355
673,43360
674,43365
675,43370
676,43375
677,43380
678,43385
679,43390
680,43395
681,43400
682,43405
683,43410
684,43415
685,43420
686,43425
687,43430
688,43435
689,43440
690,43445
691,43450
692,43455
693,43460
694,43465
695,43470
696,43475
697,43480
698,43485
699,43490
700,43495
701,43500
702,43505
703,43510
704,43515
705,43520
706,43525
707,43530
708,43535
709,43540
710,43545
711,43550
712,43555
713,43560
714,43565
715,43570
716,43575
717,43580
718,43585
719,43590
720,43595
721,43600
722,43605
723,43610
724,43615
725,43620
726,43625
727,43630
728,43635
729,43640
730,43645
731,43650
732,43655
733,43660
734,43665
735,43670
736,43675
737,43680
738,43685
739,43690
740,43695
741,43700
742,43705
743,43710
744,43715
745,43720
746,43725
747,43730
748,43735
749,43740
750,43745
751,43750
752,43755
753,43760
754,43765
755,43770
756,43775
757,43780
758,43785
759,43790
760,43795
761,43800
762,43805
763,43810
764,43815
765,43820
766,43825
767,43830
768,43835
769,43840
770,43845
771,43850
772,43855
773,43860
774,43865
775,43870
776,43875
777,43880
778,43885
779,43890
780,43895
781,43900
782,43905
783,43910
784,43915
785,43920
786,43925
787,43930
788,43935
789,43940
790,43945
791,43950
792,43955
793,43960
794,43965
795,43970
796,43975
797,43980
798,43985
799,43990
800,43995
801,44000
802,44005
803,44010
804,44015
805,44020
806,44025
807,44030
808,44035
809,44040
810,44045
811,44050
812,44055
813,44060
814,44065
815,44070
816,44075
817,44080
818,44085
819,44090
820,44095
821,44100
822,44105
823,44110
824,44115
825,44120
826,44125
827,44130
828,44135
829,44140
830,44145
831,44150
832,44155
833,44160
834,44165
835,44170
836,44175
837,44180
838,44185
839,44190
840,44195
841,44200
842,44205
843,44210
844,44215
845,44220
846,44225
847,44230
848,44235
849,44240
850,44245
851,44250
852,44255
853,44260
854,44265
855,44270
856,44275
857,44280
858,44285
859,44290
860,44295
861,44300
862,44305
863,44310
864,44315
865,44320
866,44325
867,44330
868,44335
869,44340
870,44345
871,44350
872,44355
873,44360
874,44365
875,44370
876,44375
877,44380
878,44385
879,44390
880,44395
881,44400
882,44405
883,44410
884,44415
885,44420
886,44425
887,44430
888,44435
889,44440
890,44445
891,44450
892,44455
893,44460
894,44465
895,44470
896,44475
897,44480
898,44485
899,44490
900,44495
901,44500
902,44505
903,44510
904,44515
905,44520
906,44525
907,44530
908,44535
909,44540
910,44545
911,44550
912,44555
913,44560
914,44565
915,44570
916,44575
917,44580
918,44585
919,44590
920,44595
921,44600
922,44605
923,44610
924,44615
925,44620
926,44625
927,44630
928,44635
929,44640
930,44645
931,44650
932,44655
933,44660
934,44665
935,44670
936,44675
937,44680
938,44685
939,44690
940,44695
941,44700
942,44705
943,44710
944,44715
945,44720
946,44725
947,44730
948,44735
949,44740
950,44745
951,44750
952,44755
953,44760
954,44765
955,44770
956,44775
957,44780
958,44785
959,44790
960,44795
961,44800
962,44805
963,44810
964,44815
965,44820
966,44825
967,44830
968,44835
969,44840
970,44845
971,44850
972,44855
973,44860
974,44865
975,44870
976,44875
977,44880
978,44885
979,44890
980,44895
981,44900
982,44905
983,44910
984,44915
985,44920
986,44925
987,44930
988,44935
989,44940
990,44945
991,44950
992,44955
993,44960
994,44965
995,44970
996,44975
997,44980
998,44985
999,44990
1000,44995
1,45000
2,45005
3,45010
4,45015
5,45020
6,45025
7,45030
8,45035
9,45040
10,45045
11,45050
12,45055
13,45060
14,45065
15,45070
16,45075
17,45080
18,45085
19,45090
20,45095
21,45100
22,45105
23,45110
24,45115
25,45120
26,45125
27,45130
28,45135
29,45140
30,45145
31,45150
32,45155
33,45160
34,45165
35,45170
36,45175
37,45180
38,45185
39,45190
40,45195
41,45200
42,45205
43,45210
44,45215
45,45220
46,45225
47,45230
48,45235
49,45240
50,45245
51,45250
52,45255
53,45260
54,45265
55,45270
56,45275
57,45280
58,45285
59,45290
60,45295
61,45300
62,45305
63,45310
64,45315
65,45320
66,45325
67,45330
68,45335
69,45340
70,45345
71,45350
72,45355
73,45360
74,45365
75,45370
76,45375
77,45380
78,45385
79,45390
80,45395
81,45400
82,45405
83,45410
84,45415
85,45420
86,45425
87,45430
88,45435
89,45440
90,45445
91,45450
92,45455
93,45460
94,45465
95,45470
96,45475
97,45480
98,45485
99,45490
100,45495
101,45500
102,45505
103,45510
104,45515
105,45520
106,45525
107,45530
108,45535
109,45540
110,45545
111,45550
112,45555
113,45560
114,45565
115,45570
116,45575
117,45580
118,45585
119,45590
120,45595
121,45600
122,45605
123,45610
124,45615
125,45620
126,45625
127,45630
128,45635
129,45640
130,45645
131,45650
132,45655
133,45660
134,45665
135,45670
136,45675
137,45680
138,45685
139,45690
140,45695
141,45700
142,45705
143,45710
144,45715
145,45720
146,45725
147,45730
148,45735
149,45740
150,45745
151,45750
152,45755
153,45760
154,45765
155,45770
156,45775
157,45780
158,45785
159,45790
160,45795
161,45800
162,45805
163,45810
164,45815
165,45820
166,45825
167,45830
168,45835
169,45840
170,45845
171,45850
172,45855
173,45860
174,45865
175,45870
176,45875
177,45880
178,45885
179,45890
180,45895
181,45900
182,45905
183,45910
184,45915
185,45920
186,45925
187,45930
188,45935
189,45940
190,45945
191,45950
192,45955
193,45960
194,45965
195,45970
196,45975
197,45980
198,45985
199,45990
200,45995
201,46000
202,46005
203,46010
204,46015
205,46020
206,46025
207,46030
208,46035
209,46040
210,46045
211,46050
212,46055
213,46060
214,46065
215,46070
216,46075
217,46080
218,46085
219,46090
220,46095
221,46100
222,46105
223,46110
224,46115
225,46120
226,46125
227,46130
228,46135
229,46140
230,46145
231,46150
232,46155
233,46160
234,46165
235,46170
236,46175
237,46180
238,46185
239,46190
240,46195
241,46200
242,46205
243,46210
244,46215
245,46220
246,46225
247,46230
248,46235
249,46240
250,46245
251,46250
252,46255
253,46260
254,46265
255,46270
256,46275
257,46280
258,46285
259,46290
260,46295
261,46300
262,46305
263,46310
264,46315
265,46320
266,46325
267,46330
268,46335
269,46340
270,46345
271,46350
272,46355
273,46360
274,46365
275,46370
276,46375
277,46380
278,46385
279,46390
280,46395
281,46400
282,46405
283,46410
284,46415
285,46420
286,46425
287,46430
288,46435
289,46440
290,46445
291,46450
292,46455
293,46460
294,46465
295,46470
296,46475
297,46480
298,46485
299,46490
300,46495
301,46500
302,46505
303,46510
304,46515
305,46520
306,46525
307,46530
308,46535
309,46540
310,46545
311,46550
312,46555
313,46560
314,46565
315,46570
316,46575
317,46580
318,46585
319,46590
320,46595
321,46600
322,46605
323,46610
324,46615
325,46620
326,46625
327,46630
328,46635
329,46640
330,46645
331,46650
332,46655
333,46660
334,46665
335,46670
336,46675
337,46680
338,46685
339,46690
340,46695
341,46700
342,46705
343,46710
344,46715
345,46720
346,46725
347,46730
348,46735
349,46740
350,46745
351,46750
352,46755
353,46760
354,46765
355,46770
356,46775
357,46780
358,46785
359,46790
360,46795
361,46800
362,46805
363,46810
364,46815
365,46820
366,46825
367,46830
368,46835
369,46840
370,46845
371,46850
372,46855
373,46860
374,46865
375,46870
376,46875
377,46880
378,46885
379,46890
380,46895
381,46900
382,46905
383,46910
384,46915
385,46920
386,46925
387,46930
388,46935
389,46940
390,46945
391,46950
392,46955
393,46960
394,46965
395,46970
396,46975
397,46980
398,46985
399,46990
400,46995
401,47000
402,47005
403,47010
404,47015
405,47020
406,47025
407,47030
408,47035
409,47040
410,47045
411,47050
412,47055
413,47060
414,47065
415,47070
416,47075
417,47080
418,47085
419,47090
420,47095
421,47100
422,47105
423,47110
424,47115
425,47120
426,47125
427,47130
428,47135
429,47140
430,47145
431,47150
432,47155
433,47160
434,47165
435,47170
436,47175
437,47180
438,47185
439,47190
440,47195
441,47200
442,47205
443,47210
444,47215
445,47220
446,47225
447,47230
448,47235
449,47240
450,47245
451,47250
452,47255
453,47260
454,47265
455,47270
456,47275
457,47280
458,47285
459,47290
460,47295
461,47300
462,47305
463,47310
464,47315
465,47320
466,47325
467,47330
468,47335
469,47340
470,47345
471,47350
472,47355
473,47360
474,47365
475,47370
476,47375
477,47380
478,47385
479,47390
480,47395
481,47400
482,47405
483,47410
484,47415
485,47420
486,47425
487,47430
488,47435
489,47440
490,47445
491,47450
492,47455
493,47460
494,47465
495,47470
496,47475
497,47480
498,47485
499,47490
500,47495
501,47500
502,47505
503,47510
504,47515
505,47520
506,47525
507,47530
508,47535
509,47540
510,47545
511,47550
512,47555
513,47560
514,47565
515,47570
516,47575
517,47580
518,47585
519,47590
520,47595
521,47600
522,47605
523,47610
524,47615
525,47620
526,47625
527,47630
528,47635
529,47640
530,47645
531,47650
532,47655
533,47660
534,47665
535,47670
536,47675
537,47680
538,47685
539,47690
540,47695
541,47700
542,47705
543,47710
544,47715
545,47720
546,47725
547,47730
548,47735
549,47740
550,47745
551,47750
552,47755
553,47760
554,47765
555,47770
556,47775
557,47780
558,47785
559,47790
560,47795
561,47800
562,47805
563,47810
564,47815
565,47820
566,47825
567,47830
568,47835
569,47840
570,47845
571,47850
572,47855
573,47860
574,47865
575,47870
576,47875
577,47880
578,47885
579,47890
580,47895
581,47900
582,47905
583,47910
584,47915
585,47920
586,47925
587,47930
588,47935
589,47940
590,47945
591,47950
592,47955
593,47960
594,47965
595,47970
596,47975
597,47980
598,47985
599,47990
600,47995
601,48000
602,48005
603,48010
604,48015
605,48020
606,48025
607,48030
608,48035
609,48040
610,48045
611,48050
612,48055
613,48060
614,48065
615,48070
616,48075
617,48080
618,48085
619,48090
620,48095
621,48100
622,48105
623,48110
624,48115
625,48120
626,48125
627,48130
628,48135
629,48140
630,48145
631,48150
632,48155
633,48160
634,48165
635,48170
636,48175
637,48180
638,48185
639,48190
640,48195
641,48200
642,48205
643,48210
644,48215
645,48220
646,48225
647,48230
648,48235
649,48240
650,48245
651,48250
652,48255
653,48260
654,48265
655,48270
656,48275
657,48280
658,48285
659,48290
660,48295
661,48300
662,48305
663,48310
664,48315
665,48320
666,48325
667,48330
668,48335
669,48340
670,48345
671,48350
672,48355
673,48360
674,48365
675,48370
676,48375
677,48380
678,48385
679,48390
680,48395
681,48400
682,48405
683,48410
684,48415
685,48420
686,48425
687,48430
688,48435
689,48440
690,48445
691,48450
692,48455
693,48460
694,48465
695,48470
696,48475
697,48480
698,48485
699,48490
700,48495
701,48500
702,48505
703,48510
704,48515
705,48520
706,48525
707,48530
708,48535
709,48540
710,48545
711,48550
712,48555
713,48560
714,48565
715,48570
716,48575
717,48580
718,48585
719,48590
720,48595
721,48600
722,48605
723,48610
724,48615
725,48620
726,48625
727,48630
728,48635
729,48640
730,48645
731,48650
732,48655
733,48660
734,48665
735,48670
736,48675
737,48680
738,48685
739,48690
740,48695
741,48700
742,48705
743,48710
744,48715
745,48720
746,48725
747,48730
748,48735
749,48740
750,48745
751,48750
752,48755
753,48760
754,48765
755,48770
756,48775
757,48780
758,48785
759,48790
760,48795
761,48800
762,48805
763,48810
764,48815
765,48820
766,48825
767,48830
768,48835
769,48840
770,48845
771,48850
772,48855
773,48860
774,48865
775,48870
776,48875
777,48880
778,48885
779,48890
780,48895
781,48900
782,48905
783,48910
784,48915
785,48920
786,48925
787,48930
788,48935
789,48940
790,48945
791,48950
792,48955
793,48960
794,48965
795,48970
796,48975
797,48980
798,48985
799,48990
800,48995
801,49000
802,49005
803,49010
804,49015
805,49020
806,49025
807,49030
808,49035
809,49040
810,49045
811,49050
812,49055
813,49060
814,49065
815,49070
816,49075
817,49080
818,49085
819,49090
820,49095
821,49100
822,49105
823,49110
824,49115
825,49120
826,49125
827,49130
828,49135
829,49140
830,49145
831,49150
832,49155
833,49160
834,49165
835,49170
836,49175
837,49180
838,49185
839,49190
840,49195
841,49200
842,49205
843,49210
844,49215
845,49220
846,49225
847,49230
848,49235
849,49240
850,49245
851,49250
852,49255
853,49260
854,49265
855,49270
856,49275
857,49280
858,49285
859,49290
860,49295
861,49300
862,49305
863,49310
864,49315
865,49320
866,49325
867,49330
868,49335
869,49340
870,49345
871,49350
872,49355
873,49360
874,49365
875,49370
876,49375
877,49380
878,49385
879,49390
880,49395
881,49400
882,49405
883,49410
884,49415
885,49420
886,49425
887,49430
888,49435
889,49440
890,49445
891,49450
892,49455
893,49460
894,49465
895,49470
896,49475
897,49480
898,49485
899,49490
900,49495
901,49500
902,49505
903,49510
904,49515
905,49520
906,49525
907,49530
908,49535
909,49540
910,49545
911,49550
912,49555
913,49560
914,49565
915,49570
916,49575
917,49580
918,49585
919,49590
920,49595
921,49600
922,49605
923,49610
924,49615
925,49620
926,49625
927,49630
928,49635
929,49640
930,49645
931,49650
932,49655
933,49660
934,49665
935,49670
936,49675
937,49680
938,49685
939,49690
940,49695
941,49700
942,49705
943,49710
944,49715
945,49720
946,49725
947,49730
948,49735
949,49740
950,49745
951,49750
952,49755
953,49760
954,49765
955,49770
956,49775
957,49780
958,49785
959,49790
960,49795
961,49800
962,49805
963,49810
964,49815
965,49820
966,49825
967,49830
968,49835
969,49840
970,49845
971,49850
972,49855
973,49860
974,49865
975,49870
976,49875
977,49880
978,49885
979,49890
980,49895
981,49900
982,49905
983,49910
984,49915
985,49920
986,49925
987,49930
988,49935
989,49940
990,49945
991,49950
992,49955
993,49960
994,49965
995,49970
996,49975
997,49980
998,49985
999,49990
1000,49995
1,50000
